-- MySQL dump 10.13  Distrib 5.6.28, for osx10.8 (x86_64)
--
-- Host: localhost    Database: mlxx
-- ------------------------------------------------------
-- Server version	5.6.28

/*!40101 SET @OLD_CHARACTER_SET_CLIENT=@@CHARACTER_SET_CLIENT */;
/*!40101 SET @OLD_CHARACTER_SET_RESULTS=@@CHARACTER_SET_RESULTS */;
/*!40101 SET @OLD_COLLATION_CONNECTION=@@COLLATION_CONNECTION */;
/*!40101 SET NAMES utf8 */;
/*!40103 SET @OLD_TIME_ZONE=@@TIME_ZONE */;
/*!40103 SET TIME_ZONE='+00:00' */;
/*!40014 SET @OLD_UNIQUE_CHECKS=@@UNIQUE_CHECKS, UNIQUE_CHECKS=0 */;
/*!40014 SET @OLD_FOREIGN_KEY_CHECKS=@@FOREIGN_KEY_CHECKS, FOREIGN_KEY_CHECKS=0 */;
/*!40101 SET @OLD_SQL_MODE=@@SQL_MODE, SQL_MODE='NO_AUTO_VALUE_ON_ZERO' */;
/*!40111 SET @OLD_SQL_NOTES=@@SQL_NOTES, SQL_NOTES=0 */;

--
-- Table structure for table `mlxx_bank`
--

DROP TABLE IF EXISTS `mlxx_bank`;
/*!40101 SET @saved_cs_client     = @@character_set_client */;
/*!40101 SET character_set_client = utf8 */;
CREATE TABLE `mlxx_bank` (
  `id` bigint(20) NOT NULL AUTO_INCREMENT,
  `class_code` int(11) DEFAULT NULL,
  `title_date` date NOT NULL,
  `title` text NOT NULL,
  `title_time` time NOT NULL,
  `content` text NOT NULL,
  `answer` text NOT NULL,
  `password` char(4) CHARACTER SET utf8 NOT NULL,
  `create_user_id` bigint(20) NOT NULL,
  `create_datetime` timestamp NOT NULL DEFAULT CURRENT_TIMESTAMP,
  `modify_user_id` bigint(20) NOT NULL,
  `modify_datetime` timestamp NOT NULL DEFAULT CURRENT_TIMESTAMP,
  PRIMARY KEY (`id`)
) ENGINE=InnoDB AUTO_INCREMENT=3 DEFAULT CHARSET=utf8mb4;
/*!40101 SET character_set_client = @saved_cs_client */;

--
-- Dumping data for table `mlxx_bank`
--

LOCK TABLES `mlxx_bank` WRITE;
/*!40000 ALTER TABLE `mlxx_bank` DISABLE KEYS */;
INSERT INTO `mlxx_bank` VALUES (1,12,'2016-11-24','题库标题','12:00:12','题库内容','题库答案','1234',1,'2016-11-24 08:39:31',1,'2016-11-24 08:39:35'),(2,1,'2016-12-08','取出多少钱？','10:57:28','钱袋中有1角，2角，5角3种硬币。甲从袋中取出3枚，乙从袋中取出2枚，取得的5枚硬币仅有2种面值，并且甲取出的3枚硬币面值的和比乙取得的2枚硬币的面值的和少3角，那么取出的钱数的总和最多是几角？','最多100元。','5678',1,'2016-12-08 02:57:56',1,'2016-12-08 02:58:00');
/*!40000 ALTER TABLE `mlxx_bank` ENABLE KEYS */;
UNLOCK TABLES;

--
-- Table structure for table `mlxx_bank_photo`
--

DROP TABLE IF EXISTS `mlxx_bank_photo`;
/*!40101 SET @saved_cs_client     = @@character_set_client */;
/*!40101 SET character_set_client = utf8 */;
CREATE TABLE `mlxx_bank_photo` (
  `id` bigint(20) NOT NULL AUTO_INCREMENT,
  `bank_id` bigint(20) NOT NULL,
  `url` text CHARACTER SET utf8 NOT NULL,
  `create_user_id` bigint(20) NOT NULL,
  `create_datetime` timestamp NOT NULL DEFAULT CURRENT_TIMESTAMP,
  `modify_user_id` bigint(20) NOT NULL,
  `modify_datetime` timestamp NOT NULL DEFAULT CURRENT_TIMESTAMP,
  PRIMARY KEY (`id`)
) ENGINE=InnoDB AUTO_INCREMENT=46 DEFAULT CHARSET=latin1;
/*!40101 SET character_set_client = @saved_cs_client */;

--
-- Dumping data for table `mlxx_bank_photo`
--

LOCK TABLES `mlxx_bank_photo` WRITE;
/*!40000 ALTER TABLE `mlxx_bank_photo` DISABLE KEYS */;
INSERT INTO `mlxx_bank_photo` VALUES (1,2,'./photo/1.png',1,'2016-11-23 02:16:33',1,'2016-11-23 02:16:38'),(2,2,'./photo/2.png',2,'2016-11-23 02:35:03',2,'2016-11-23 02:35:11'),(3,0,'1.png',99737,'2016-11-23 07:12:19',99737,'2016-11-23 07:12:19'),(4,0,'2.png',99737,'2016-11-23 07:12:19',99737,'2016-11-23 07:12:19'),(5,0,'1.png',99737,'2016-11-23 07:13:04',99737,'2016-11-23 07:13:04'),(6,0,'2.png',99737,'2016-11-23 07:13:05',99737,'2016-11-23 07:13:05'),(7,0,'1.png',99737,'2016-11-23 07:14:15',99737,'2016-11-23 07:14:15'),(8,0,'2.png',99737,'2016-11-23 07:14:16',99737,'2016-11-23 07:14:16'),(9,0,'1.png',99737,'2016-11-23 07:14:59',99737,'2016-11-23 07:14:59'),(10,0,'2.png',99737,'2016-11-23 07:15:00',99737,'2016-11-23 07:15:00'),(11,38,'1.png',99737,'2016-11-23 07:16:32',99737,'2016-11-23 07:16:32'),(12,38,'2.png',99737,'2016-11-23 07:16:33',99737,'2016-11-23 07:16:33'),(13,45,'/photo/1.png',99737,'2016-11-23 07:22:32',99737,'2016-11-23 07:22:32'),(14,45,'/photo/2.png',99737,'2016-11-23 07:22:32',99737,'2016-11-23 07:22:32'),(15,46,'/photo/1.png',99737,'2016-11-23 07:22:54',99737,'2016-11-23 07:22:54'),(16,46,'/photo/2.png',99737,'2016-11-23 07:22:54',99737,'2016-11-23 07:22:54'),(17,47,'/photo/1.png',99737,'2016-11-23 07:22:55',99737,'2016-11-23 07:22:55'),(18,47,'/photo/2.png',99737,'2016-11-23 07:22:55',99737,'2016-11-23 07:22:55'),(19,48,'/photo/1.png',99737,'2016-11-23 07:23:21',99737,'2016-11-23 07:23:21'),(20,48,'/photo/2.png',99737,'2016-11-23 07:23:21',99737,'2016-11-23 07:23:21'),(21,49,'/photo/1.png',99737,'2016-11-23 07:24:54',99737,'2016-11-23 07:24:54'),(22,49,'/photo/2.png',99737,'2016-11-23 07:24:54',99737,'2016-11-23 07:24:54'),(23,50,'/photo/1.png',99737,'2016-11-23 07:25:03',99737,'2016-11-23 07:25:03'),(24,50,'/photo/2.png',99737,'2016-11-23 07:25:03',99737,'2016-11-23 07:25:03'),(25,51,'/photo/1.png',99737,'2016-11-23 07:25:20',99737,'2016-11-23 07:25:20'),(26,51,'/photo/2.png',99737,'2016-11-23 07:25:20',99737,'2016-11-23 07:25:20'),(27,52,'/photo/1.png',99737,'2016-11-23 07:25:30',99737,'2016-11-23 07:25:30'),(28,52,'/photo/2.png',99737,'2016-11-23 07:25:30',99737,'2016-11-23 07:25:30'),(29,53,'/photo/1.png',99737,'2016-11-23 07:25:39',99737,'2016-11-23 07:25:39'),(30,54,'/photo/1.png',99737,'2016-11-23 07:25:42',99737,'2016-11-23 07:25:42'),(31,55,'/photo/1.png',99737,'2016-11-23 07:25:48',99737,'2016-11-23 07:25:48'),(32,56,'/photo/1.png',99737,'2016-11-23 07:26:28',99737,'2016-11-23 07:26:28'),(33,57,'/photo/1.png',99737,'2016-11-23 07:26:28',99737,'2016-11-23 07:26:28'),(34,58,'/photo/1.png',99737,'2016-11-23 07:26:42',99737,'2016-11-23 07:26:42'),(35,59,'/photo/1.png',99737,'2016-11-23 07:27:19',99737,'2016-11-23 07:27:19'),(36,60,'/photo/1.png',99737,'2016-11-23 07:27:20',99737,'2016-11-23 07:27:20'),(37,61,'/photo/1.png',99737,'2016-11-23 07:27:23',99737,'2016-11-23 07:27:23'),(45,62,'/photo/2.png',99737,'2016-11-23 07:44:14',99737,'2016-11-23 07:44:14');
/*!40000 ALTER TABLE `mlxx_bank_photo` ENABLE KEYS */;
UNLOCK TABLES;

--
-- Table structure for table `mlxx_bank_video`
--

DROP TABLE IF EXISTS `mlxx_bank_video`;
/*!40101 SET @saved_cs_client     = @@character_set_client */;
/*!40101 SET character_set_client = utf8 */;
CREATE TABLE `mlxx_bank_video` (
  `id` bigint(20) NOT NULL AUTO_INCREMENT,
  `bank_id` bigint(20) NOT NULL,
  `url` text CHARACTER SET utf8 NOT NULL,
  `create_user_id` bigint(20) NOT NULL,
  `create_datetime` timestamp NOT NULL DEFAULT CURRENT_TIMESTAMP,
  `modify_user_id` bigint(20) NOT NULL,
  `modify_datetime` timestamp NOT NULL DEFAULT CURRENT_TIMESTAMP,
  PRIMARY KEY (`id`)
) ENGINE=InnoDB DEFAULT CHARSET=latin1;
/*!40101 SET character_set_client = @saved_cs_client */;

--
-- Dumping data for table `mlxx_bank_video`
--

LOCK TABLES `mlxx_bank_video` WRITE;
/*!40000 ALTER TABLE `mlxx_bank_video` DISABLE KEYS */;
/*!40000 ALTER TABLE `mlxx_bank_video` ENABLE KEYS */;
UNLOCK TABLES;

--
-- Table structure for table `mlxx_bbs_comment`
--

DROP TABLE IF EXISTS `mlxx_bbs_comment`;
/*!40101 SET @saved_cs_client     = @@character_set_client */;
/*!40101 SET character_set_client = utf8 */;
CREATE TABLE `mlxx_bbs_comment` (
  `id` bigint(20) NOT NULL AUTO_INCREMENT,
  `title_id` bigint(20) NOT NULL,
  `user_id` bigint(20) NOT NULL,
  `comment_time` datetime NOT NULL,
  `content` text NOT NULL,
  `create_user_id` bigint(20) NOT NULL,
  `create_datetime` timestamp NOT NULL DEFAULT CURRENT_TIMESTAMP,
  `modify_user_id` bigint(20) NOT NULL,
  `modify_datetime` timestamp NOT NULL DEFAULT CURRENT_TIMESTAMP,
  `group_id` bigint(20) NOT NULL,
  PRIMARY KEY (`id`)
) ENGINE=InnoDB AUTO_INCREMENT=132 DEFAULT CHARSET=utf8mb4;
/*!40101 SET character_set_client = @saved_cs_client */;

--
-- Dumping data for table `mlxx_bbs_comment`
--

LOCK TABLES `mlxx_bbs_comment` WRITE;
/*!40000 ALTER TABLE `mlxx_bbs_comment` DISABLE KEYS */;
INSERT INTO `mlxx_bbs_comment` VALUES (1,1,1,'2016-12-05 14:59:30','论坛评论1',1,'2016-12-05 06:59:41',1,'2016-12-05 06:59:50',1),(2,1,2,'2016-12-05 15:05:11','评论内容2',1,'2016-12-05 07:05:23',1,'2016-12-05 07:05:27',1),(3,1,5,'2016-11-13 12:00:02','公告评论内容2111',2232,'2016-12-05 07:07:57',2232,'2016-12-05 07:07:57',1),(4,1,5,'2016-11-13 12:00:02','公告评论内容2112',2232,'2016-12-05 07:08:02',2232,'2016-12-05 07:08:02',1),(5,1,5,'2016-11-13 12:00:02','公告评论内容2113',2232,'2016-12-05 07:08:02',2232,'2016-12-05 07:08:02',1),(6,1,5,'2016-11-13 12:00:02','公告评论内容2114',2232,'2016-12-05 07:08:03',2232,'2016-12-05 07:08:03',1),(7,1,5,'2016-11-13 12:00:02','公告评论内容2115',2232,'2016-12-05 07:08:03',2232,'2016-12-05 07:08:03',1),(8,1,5,'2016-11-13 12:00:02','公告评论内容2116',2232,'2016-12-05 07:08:04',2232,'2016-12-05 07:08:04',1),(9,1,5,'2016-11-13 12:00:02','公告评论内容2117',2232,'2016-12-05 07:08:04',2232,'2016-12-05 07:08:04',1),(10,1,5,'2016-11-13 12:00:02','公告评论内容2118',2232,'2016-12-05 07:08:04',2232,'2016-12-05 07:08:04',1),(11,1,5,'2016-11-13 12:00:02','公告评论内容2119',2232,'2016-12-05 07:08:04',2232,'2016-12-05 07:08:04',1),(12,1,5,'2016-11-13 12:00:02','公告评论内容2120',2232,'2016-12-05 07:08:04',2232,'2016-12-05 07:08:04',1),(13,1,5,'2016-12-06 07:21:57','abcd',5,'2016-12-06 07:21:57',5,'2016-12-05 23:21:57',1),(14,3,5,'2016-12-06 07:22:51','abce',5,'2016-12-06 07:22:51',5,'2016-12-05 23:22:51',1),(15,3,5,'2016-12-06 07:22:55','aserwr',5,'2016-12-06 07:22:55',5,'2016-12-05 23:22:55',1),(16,3,5,'2016-12-06 07:22:59','awrw3er',5,'2016-12-06 07:22:59',5,'2016-12-05 23:22:59',1),(17,3,5,'2016-12-06 07:23:01','werwer',5,'2016-12-06 07:23:01',5,'2016-12-05 23:23:01',1),(18,3,5,'2016-12-06 07:23:05','qw342342',5,'2016-12-06 07:23:05',5,'2016-12-05 23:23:05',1),(19,3,5,'2016-12-06 07:23:08','235234534',5,'2016-12-06 07:23:08',5,'2016-12-05 23:23:08',1),(20,3,5,'2016-12-06 07:23:15','a3451235234523453434534534534523452345345234523452345',5,'2016-12-06 07:23:15',5,'2016-12-05 23:23:15',1),(21,3,5,'2016-12-06 07:23:25','awaerjpwoehy rvpqi4hryfon34uy5fv98374y59g8bv374y5tg04wytevsorgnv9e8y450ngv2tyogvirty9gvwytn7y430t5b4',5,'2016-12-06 07:23:25',5,'2016-12-05 23:23:25',1),(22,2,5,'2016-12-06 07:23:39','wart5q345q34534',5,'2016-12-06 07:23:39',5,'2016-12-05 23:23:39',1),(23,4,5,'2016-12-06 07:24:01','34534534',5,'2016-12-06 07:24:01',5,'2016-12-05 23:24:01',4),(24,0,5,'2016-12-06 08:21:23','255478866655',5,'2016-12-06 08:21:23',5,'2016-12-06 00:21:23',1),(25,3,5,'2016-12-06 08:21:58','5554',5,'2016-12-06 08:21:58',5,'2016-12-06 00:21:58',3),(26,16,5,'2016-12-07 03:32:02','我是王海明。??⚾️',5,'2016-12-07 03:32:02',5,'2016-12-06 19:32:02',1),(27,16,5,'2016-12-07 06:21:44','324243523',5,'2016-12-07 06:21:44',5,'2016-12-06 22:21:44',1),(28,1,5,'2016-12-07 06:24:21','1',5,'2016-12-07 06:24:21',5,'2016-12-06 22:24:21',2),(29,1,5,'2016-12-07 06:24:27','2',5,'2016-12-07 06:24:27',5,'2016-12-06 22:24:27',2),(30,1,5,'2016-12-07 06:24:29','3',5,'2016-12-07 06:24:29',5,'2016-12-06 22:24:29',2),(31,1,5,'2016-12-07 06:24:31','4',5,'2016-12-07 06:24:31',5,'2016-12-06 22:24:31',2),(32,1,5,'2016-12-07 06:24:33','5',5,'2016-12-07 06:24:33',5,'2016-12-06 22:24:33',2),(33,1,5,'2016-12-07 06:24:35','6',5,'2016-12-07 06:24:35',5,'2016-12-06 22:24:35',2),(34,1,5,'2016-12-07 06:24:37','7',5,'2016-12-07 06:24:37',5,'2016-12-06 22:24:37',2),(35,1,5,'2016-12-07 06:24:39','8',5,'2016-12-07 06:24:39',5,'2016-12-06 22:24:39',2),(36,1,5,'2016-12-07 06:24:42','9',5,'2016-12-07 06:24:42',5,'2016-12-06 22:24:42',2),(37,1,5,'2016-12-07 06:24:45','10',5,'2016-12-07 06:24:45',5,'2016-12-06 22:24:45',2),(38,1,5,'2016-12-07 06:24:47','11',5,'2016-12-07 06:24:47',5,'2016-12-06 22:24:47',2),(39,1,5,'2016-12-07 06:24:49','12',5,'2016-12-07 06:24:49',5,'2016-12-06 22:24:49',2),(40,1,5,'2016-12-07 06:24:52','13',5,'2016-12-07 06:24:52',5,'2016-12-06 22:24:52',2),(41,1,5,'2016-12-07 06:24:54','14',5,'2016-12-07 06:24:54',5,'2016-12-06 22:24:54',2),(42,1,5,'2016-12-07 06:24:56','15',5,'2016-12-07 06:24:56',5,'2016-12-06 22:24:56',2),(43,1,5,'2016-12-07 06:29:31','16',5,'2016-12-07 06:29:31',5,'2016-12-06 22:29:31',2),(44,0,5,'2016-12-07 06:31:13','32452345',5,'2016-12-07 06:31:13',5,'2016-12-06 22:31:13',1),(45,0,5,'2016-12-07 06:31:16','2452345',5,'2016-12-07 06:31:16',5,'2016-12-06 22:31:16',1),(46,0,5,'2016-12-07 06:31:18','24562456345',5,'2016-12-07 06:31:18',5,'2016-12-06 22:31:18',1),(47,19,5,'2016-12-07 06:31:36','234523452345',5,'2016-12-07 06:31:36',5,'2016-12-06 22:31:36',1),(48,19,5,'2016-12-07 06:31:40','26246245435',5,'2016-12-07 06:31:40',5,'2016-12-06 22:31:40',1),(49,19,5,'2016-12-07 06:31:43','45634653456345',5,'2016-12-07 06:31:43',5,'2016-12-06 22:31:43',1),(50,19,5,'2016-12-07 07:36:51','2342345',5,'2016-12-07 07:36:51',5,'2016-12-06 23:36:51',1),(51,19,5,'2016-12-07 07:37:02','234523453',5,'2016-12-07 07:37:02',5,'2016-12-06 23:37:02',1),(52,19,5,'2016-12-07 07:43:47','23452345',5,'2016-12-07 07:43:47',5,'2016-12-06 23:43:47',1),(56,19,5,'2016-12-07 07:46:57','23534534',5,'2016-12-07 07:46:57',5,'2016-12-06 23:46:57',1),(57,19,5,'2016-12-07 07:47:07','324523453',5,'2016-12-07 07:47:07',5,'2016-12-06 23:47:07',1),(58,19,5,'2016-12-07 07:59:21','2341234',5,'2016-12-07 07:59:21',5,'2016-12-06 23:59:21',1),(59,34,5,'2016-12-07 08:25:18','1235314534',5,'2016-12-07 08:25:18',5,'2016-12-07 00:25:18',1),(60,34,5,'2016-12-07 08:27:48','23452345',5,'2016-12-07 08:27:48',5,'2016-12-07 00:27:48',1),(61,28,5,'2016-12-07 08:27:54','2345234523',5,'2016-12-07 08:27:54',5,'2016-12-07 00:27:54',1),(62,1,5,'2016-12-07 08:28:01','23452345',5,'2016-12-07 08:28:01',5,'2016-12-07 00:28:01',1),(63,3,5,'2016-12-07 08:28:08','23452345',5,'2016-12-07 08:28:08',5,'2016-12-07 00:28:08',3),(64,32,5,'2016-12-07 08:28:13','23452345234',5,'2016-12-07 08:28:13',5,'2016-12-07 00:28:13',3),(65,30,5,'2016-12-07 08:28:19','234523452345',5,'2016-12-07 08:28:19',5,'2016-12-07 00:28:19',3),(66,33,5,'2016-12-07 08:28:27','23452345',5,'2016-12-07 08:28:27',5,'2016-12-07 00:28:27',1),(67,2,5,'2016-12-07 08:32:31','345234534',5,'2016-12-07 08:32:31',5,'2016-12-07 00:32:31',2),(68,14,5,'2016-12-07 08:32:38','2345234534',5,'2016-12-07 08:32:38',5,'2016-12-07 00:32:38',1),(69,1,5,'2016-12-07 08:45:29','23452345',5,'2016-12-07 08:45:29',5,'2016-12-07 00:45:29',1),(70,16,5,'2016-12-07 09:06:26','2452345',5,'2016-12-07 09:06:26',5,'2016-12-07 01:06:26',1),(71,12,5,'2016-12-07 09:35:08','45354',5,'2016-12-07 09:35:08',5,'2016-12-07 01:35:08',1),(72,27,5,'2016-12-07 09:35:19','3452345345',5,'2016-12-07 09:35:19',5,'2016-12-07 01:35:19',1),(73,28,5,'2016-12-07 09:35:26','2345234534',5,'2016-12-07 09:35:26',5,'2016-12-07 01:35:26',1),(74,28,5,'2016-12-07 09:35:56','23452345',5,'2016-12-07 09:35:56',5,'2016-12-07 01:35:56',1),(75,26,5,'2016-12-07 09:38:44','34523453',5,'2016-12-07 09:38:44',5,'2016-12-07 01:38:44',1),(76,28,5,'2016-12-07 09:39:07','3245234534',5,'2016-12-07 09:39:07',5,'2016-12-07 01:39:07',1),(77,26,5,'2016-12-07 09:40:36','1234234',5,'2016-12-07 09:40:36',5,'2016-12-07 01:40:36',1),(78,25,5,'2016-12-07 09:41:29','2345234534',5,'2016-12-07 09:41:29',5,'2016-12-07 01:41:29',1),(79,40,5,'2016-12-07 10:06:52','wwww',5,'2016-12-07 10:06:52',5,'2016-12-07 02:06:52',4),(80,40,5,'2016-12-07 10:06:58','xxxx',5,'2016-12-07 10:06:59',5,'2016-12-07 02:06:59',4),(81,41,5,'2016-12-08 03:31:45','5345345344? ✝️ ?',5,'2016-12-08 03:31:45',5,'2016-12-07 19:31:45',1),(82,41,5,'2016-12-08 07:50:15','?☺️?????⚾️?',5,'2016-12-08 07:50:15',5,'2016-12-07 23:50:15',1),(83,41,5,'2016-12-09 07:51:55','12341341234',5,'2016-12-09 07:51:55',5,'2016-12-08 23:51:55',1),(84,38,5,'2016-12-09 08:16:24','Ftgyrt',5,'2016-12-09 08:16:24',5,'2016-12-09 00:16:24',3),(85,37,5,'2016-12-13 06:14:14','12341234',5,'2016-12-13 06:14:14',5,'2016-12-12 22:14:14',1),(86,4,5,'2016-12-13 06:47:28','2342342',5,'2016-12-13 06:47:28',5,'2016-12-12 22:47:28',4),(87,44,1,'2016-12-14 04:38:09','23423423',1,'2016-12-14 04:38:09',1,'2016-12-13 20:38:09',9),(88,45,5,'2016-12-15 13:19:53','やらはなやまな',5,'2016-12-15 13:19:53',5,'2016-12-15 05:19:53',7),(89,41,5,'2016-12-15 13:21:15','のはかま',5,'2016-12-15 13:21:16',5,'2016-12-15 05:21:16',1),(90,41,1,'2016-12-19 09:06:02','爱的问问',1,'2016-12-19 09:06:02',1,'2016-12-19 01:06:02',1),(91,41,5,'2016-12-29 05:30:49','awr42342',5,'2016-12-29 05:30:49',5,'2016-12-28 21:30:49',1),(92,41,5,'2016-12-29 05:30:56','2342342',5,'2016-12-29 05:30:57',5,'2016-12-28 21:30:57',1),(93,53,5,'2016-12-29 05:31:19','2342342',5,'2016-12-29 05:31:19',5,'2016-12-28 21:31:19',1),(94,53,5,'2016-12-29 05:31:22','3423423',5,'2016-12-29 05:31:22',5,'2016-12-28 21:31:22',1),(95,53,5,'2016-12-29 05:31:25','2142342',5,'2016-12-29 05:31:25',5,'2016-12-28 21:31:25',1),(96,53,5,'2016-12-29 05:31:28','234123423',5,'2016-12-29 05:31:28',5,'2016-12-28 21:31:28',1),(97,53,5,'2016-12-29 05:31:31','123423423',5,'2016-12-29 05:31:31',5,'2016-12-28 21:31:31',1),(98,53,5,'2016-12-29 05:31:34','23423423',5,'2016-12-29 05:31:34',5,'2016-12-28 21:31:34',1),(99,53,5,'2016-12-29 05:31:37','123423423',5,'2016-12-29 05:31:37',5,'2016-12-28 21:31:37',1),(100,53,5,'2016-12-29 05:32:20','234234234',5,'2016-12-29 05:32:20',5,'2016-12-28 21:32:20',1),(101,53,5,'2016-12-29 05:32:22','12341234',5,'2016-12-29 05:32:22',5,'2016-12-28 21:32:22',1),(102,53,5,'2016-12-29 05:32:24','12341234',5,'2016-12-29 05:32:24',5,'2016-12-28 21:32:24',1),(103,53,5,'2016-12-29 05:32:27','12341234234',5,'2016-12-29 05:32:27',5,'2016-12-28 21:32:27',1),(104,52,5,'2016-12-29 05:33:51','1',5,'2016-12-29 05:33:51',5,'2016-12-28 21:33:51',1),(105,52,5,'2016-12-29 05:33:55','2',5,'2016-12-29 05:33:55',5,'2016-12-28 21:33:55',1),(106,52,5,'2016-12-29 05:33:56','3',5,'2016-12-29 05:33:56',5,'2016-12-28 21:33:56',1),(107,52,5,'2016-12-29 05:33:57','4',5,'2016-12-29 05:33:57',5,'2016-12-28 21:33:57',1),(108,52,5,'2016-12-29 05:33:59','5',5,'2016-12-29 05:33:59',5,'2016-12-28 21:33:59',1),(109,52,5,'2016-12-29 05:34:01','6',5,'2016-12-29 05:34:01',5,'2016-12-28 21:34:01',1),(110,52,5,'2016-12-29 05:34:02','7',5,'2016-12-29 05:34:02',5,'2016-12-28 21:34:02',1),(111,52,5,'2016-12-29 05:34:03','8',5,'2016-12-29 05:34:03',5,'2016-12-28 21:34:03',1),(112,52,5,'2016-12-29 05:34:04','9',5,'2016-12-29 05:34:04',5,'2016-12-28 21:34:04',1),(113,52,5,'2016-12-29 05:34:06','10',5,'2016-12-29 05:34:06',5,'2016-12-28 21:34:06',1),(114,52,5,'2016-12-29 05:34:08','11',5,'2016-12-29 05:34:08',5,'2016-12-28 21:34:08',1),(115,52,5,'2016-12-29 05:34:08','12',5,'2016-12-29 05:34:08',5,'2016-12-28 21:34:08',1),(116,52,5,'2016-12-29 05:34:10','13',5,'2016-12-29 05:34:10',5,'2016-12-28 21:34:10',1),(117,52,5,'2016-12-29 05:34:11','14',5,'2016-12-29 05:34:11',5,'2016-12-28 21:34:11',1),(118,52,5,'2016-12-29 05:34:12','15',5,'2016-12-29 05:34:13',5,'2016-12-28 21:34:13',1),(119,52,5,'2016-12-29 05:34:14','16',5,'2016-12-29 05:34:14',5,'2016-12-28 21:34:14',1),(120,52,5,'2016-12-29 05:34:15','17',5,'2016-12-29 05:34:15',5,'2016-12-28 21:34:15',1),(121,52,5,'2016-12-29 05:34:17','18',5,'2016-12-29 05:34:17',5,'2016-12-28 21:34:17',1),(122,52,5,'2016-12-29 05:34:19','19',5,'2016-12-29 05:34:19',5,'2016-12-28 21:34:19',1),(123,52,5,'2016-12-29 05:34:21','20',5,'2016-12-29 05:34:21',5,'2016-12-28 21:34:21',1),(124,52,5,'2016-12-29 05:34:23','21',5,'2016-12-29 05:34:23',5,'2016-12-28 21:34:23',1),(125,30,5,'2016-12-29 05:35:40','121',5,'2016-12-29 05:35:40',5,'2016-12-28 21:35:40',0),(126,30,5,'2016-12-29 05:36:59','333',5,'2016-12-29 05:36:59',5,'2016-12-28 21:36:59',0),(127,49,5,'2016-12-29 05:37:09','32342',5,'2016-12-29 05:37:09',5,'2016-12-28 21:37:09',0),(128,30,5,'2016-12-29 05:38:01','234123',5,'2016-12-29 05:38:01',5,'2016-12-28 21:38:01',0),(129,30,5,'2016-12-29 05:40:11','234234',5,'2016-12-29 05:40:11',5,'2016-12-28 21:40:11',3),(130,49,5,'2016-12-29 05:40:15','23423',5,'2016-12-29 05:40:16',5,'2016-12-28 21:40:16',7),(131,51,5,'2016-12-29 05:40:22','234234',5,'2016-12-29 05:40:22',5,'2016-12-28 21:40:22',1);
/*!40000 ALTER TABLE `mlxx_bbs_comment` ENABLE KEYS */;
UNLOCK TABLES;

--
-- Table structure for table `mlxx_bbs_group`
--

DROP TABLE IF EXISTS `mlxx_bbs_group`;
/*!40101 SET @saved_cs_client     = @@character_set_client */;
/*!40101 SET character_set_client = utf8 */;
CREATE TABLE `mlxx_bbs_group` (
  `id` bigint(20) NOT NULL AUTO_INCREMENT,
  `name` text NOT NULL,
  `titles` int(11) NOT NULL DEFAULT '0',
  `create_user_id` bigint(20) NOT NULL,
  `create_datetime` timestamp NOT NULL DEFAULT CURRENT_TIMESTAMP,
  `modify_user_id` bigint(20) NOT NULL,
  `modify_datetime` timestamp NOT NULL DEFAULT CURRENT_TIMESTAMP,
  `fix_flag` varchar(1) CHARACTER SET utf8 NOT NULL,
  `class_code` bigint(20) NOT NULL,
  PRIMARY KEY (`id`)
) ENGINE=InnoDB AUTO_INCREMENT=12 DEFAULT CHARSET=utf8mb4;
/*!40101 SET character_set_client = @saved_cs_client */;

--
-- Dumping data for table `mlxx_bbs_group`
--

LOCK TABLES `mlxx_bbs_group` WRITE;
/*!40000 ALTER TABLE `mlxx_bbs_group` DISABLE KEYS */;
INSERT INTO `mlxx_bbs_group` VALUES (1,'学校',34,1,'2016-11-28 02:48:53',1,'2016-11-28 02:48:59','1',1),(2,'办公室',2,1,'2016-11-28 02:49:33',1,'2016-11-28 02:49:38','0',2),(3,'关注',5,1,'2016-11-28 02:50:21',1,'2016-11-28 02:50:27','0',3),(4,'未关注',5,1,'2016-12-05 02:23:08',1,'2016-12-05 02:23:13','0',4),(5,'一年级',0,2232,'2016-12-09 08:26:18',2232,'2016-12-09 00:26:18','0',321),(6,'一年级',1,2232,'2016-12-09 08:27:06',2232,'2016-12-09 00:27:06','0',321),(7,'二年级',4,2232,'2016-12-09 08:27:14',2232,'2016-12-09 00:27:14','0',321),(8,'三年级',0,2232,'2016-12-09 08:27:17',2232,'2016-12-09 00:27:17','0',321),(9,'四年级',1,2232,'2016-12-09 08:27:21',2232,'2016-12-09 00:27:21','0',321),(10,'五年级',0,2232,'2016-12-09 08:27:29',2232,'2016-12-09 00:27:29','0',321),(11,'?️年级',1,2232,'2016-12-09 08:27:37',2232,'2016-12-09 00:27:37','0',321);
/*!40000 ALTER TABLE `mlxx_bbs_group` ENABLE KEYS */;
UNLOCK TABLES;

--
-- Table structure for table `mlxx_bbs_group_favorite`
--

DROP TABLE IF EXISTS `mlxx_bbs_group_favorite`;
/*!40101 SET @saved_cs_client     = @@character_set_client */;
/*!40101 SET character_set_client = utf8 */;
CREATE TABLE `mlxx_bbs_group_favorite` (
  `id` bigint(20) NOT NULL AUTO_INCREMENT,
  `user_id` bigint(20) NOT NULL,
  `group_id` bigint(20) NOT NULL,
  `create_user_id` bigint(20) NOT NULL,
  `create_datetime` timestamp NOT NULL DEFAULT CURRENT_TIMESTAMP,
  `modify_user_id` bigint(20) NOT NULL,
  `modify_datetime` timestamp NOT NULL DEFAULT CURRENT_TIMESTAMP,
  PRIMARY KEY (`id`)
) ENGINE=InnoDB AUTO_INCREMENT=17 DEFAULT CHARSET=latin1;
/*!40101 SET character_set_client = @saved_cs_client */;

--
-- Dumping data for table `mlxx_bbs_group_favorite`
--

LOCK TABLES `mlxx_bbs_group_favorite` WRITE;
/*!40000 ALTER TABLE `mlxx_bbs_group_favorite` DISABLE KEYS */;
INSERT INTO `mlxx_bbs_group_favorite` VALUES (6,1,3,1,'2016-12-05 04:51:46',1,'2016-12-05 04:51:46'),(8,5,3,5,'2016-12-09 08:17:12',5,'2016-12-09 00:17:12'),(12,1,9,1,'2016-12-14 04:37:59',1,'2016-12-13 20:37:59'),(13,5,7,5,'2016-12-15 13:19:11',5,'2016-12-15 05:19:11'),(15,5,4,5,'2016-12-29 01:56:37',5,'2016-12-28 17:56:37'),(16,5,5,5,'2016-12-29 01:56:45',5,'2016-12-28 17:56:45');
/*!40000 ALTER TABLE `mlxx_bbs_group_favorite` ENABLE KEYS */;
UNLOCK TABLES;

--
-- Table structure for table `mlxx_bbs_photo`
--

DROP TABLE IF EXISTS `mlxx_bbs_photo`;
/*!40101 SET @saved_cs_client     = @@character_set_client */;
/*!40101 SET character_set_client = utf8 */;
CREATE TABLE `mlxx_bbs_photo` (
  `id` bigint(20) NOT NULL AUTO_INCREMENT,
  `comment_id` bigint(20) NOT NULL,
  `url` text CHARACTER SET utf8 NOT NULL,
  `create_user_id` bigint(20) NOT NULL,
  `create_datetime` timestamp NOT NULL DEFAULT CURRENT_TIMESTAMP,
  `modify_user_id` bigint(20) NOT NULL,
  `modify_datetime` timestamp NOT NULL DEFAULT CURRENT_TIMESTAMP,
  `title_id` bigint(20) NOT NULL,
  `group_id` bigint(20) NOT NULL,
  PRIMARY KEY (`id`)
) ENGINE=InnoDB AUTO_INCREMENT=46 DEFAULT CHARSET=latin1;
/*!40101 SET character_set_client = @saved_cs_client */;

--
-- Dumping data for table `mlxx_bbs_photo`
--

LOCK TABLES `mlxx_bbs_photo` WRITE;
/*!40000 ALTER TABLE `mlxx_bbs_photo` DISABLE KEYS */;
INSERT INTO `mlxx_bbs_photo` VALUES (1,12,'/photos/abc.png',1,'2016-11-23 02:16:33',1,'2016-11-23 02:16:38',0,0),(2,12,'/photo/def.png',2,'2016-11-23 02:35:03',2,'2016-11-23 02:35:11',0,0),(3,0,'1.png',99737,'2016-11-23 07:12:19',99737,'2016-11-23 07:12:19',0,0),(4,0,'2.png',99737,'2016-11-23 07:12:19',99737,'2016-11-23 07:12:19',0,0),(5,0,'1.png',99737,'2016-11-23 07:13:04',99737,'2016-11-23 07:13:04',0,0),(6,0,'2.png',99737,'2016-11-23 07:13:05',99737,'2016-11-23 07:13:05',0,0),(7,0,'1.png',99737,'2016-11-23 07:14:15',99737,'2016-11-23 07:14:15',0,0),(8,0,'2.png',99737,'2016-11-23 07:14:16',99737,'2016-11-23 07:14:16',0,0),(9,0,'1.png',99737,'2016-11-23 07:14:59',99737,'2016-11-23 07:14:59',0,0),(10,0,'2.png',99737,'2016-11-23 07:15:00',99737,'2016-11-23 07:15:00',0,0),(11,38,'1.png',99737,'2016-11-23 07:16:32',99737,'2016-11-23 07:16:32',0,0),(12,38,'2.png',99737,'2016-11-23 07:16:33',99737,'2016-11-23 07:16:33',0,0),(13,45,'/photo/1.png',99737,'2016-11-23 07:22:32',99737,'2016-11-23 07:22:32',0,0),(14,45,'/photo/2.png',99737,'2016-11-23 07:22:32',99737,'2016-11-23 07:22:32',0,0),(15,46,'/photo/1.png',99737,'2016-11-23 07:22:54',99737,'2016-11-23 07:22:54',0,0),(16,46,'/photo/2.png',99737,'2016-11-23 07:22:54',99737,'2016-11-23 07:22:54',0,0),(17,47,'/photo/1.png',99737,'2016-11-23 07:22:55',99737,'2016-11-23 07:22:55',0,0),(18,47,'/photo/2.png',99737,'2016-11-23 07:22:55',99737,'2016-11-23 07:22:55',0,0),(19,48,'/photo/1.png',99737,'2016-11-23 07:23:21',99737,'2016-11-23 07:23:21',0,0),(20,48,'/photo/2.png',99737,'2016-11-23 07:23:21',99737,'2016-11-23 07:23:21',0,0),(21,49,'/photo/1.png',99737,'2016-11-23 07:24:54',99737,'2016-11-23 07:24:54',0,0),(22,49,'/photo/2.png',99737,'2016-11-23 07:24:54',99737,'2016-11-23 07:24:54',0,0),(23,50,'/photo/1.png',99737,'2016-11-23 07:25:03',99737,'2016-11-23 07:25:03',0,0),(24,50,'/photo/2.png',99737,'2016-11-23 07:25:03',99737,'2016-11-23 07:25:03',0,0),(25,51,'/photo/1.png',99737,'2016-11-23 07:25:20',99737,'2016-11-23 07:25:20',0,0),(26,51,'/photo/2.png',99737,'2016-11-23 07:25:20',99737,'2016-11-23 07:25:20',0,0),(27,52,'/photo/1.png',99737,'2016-11-23 07:25:30',99737,'2016-11-23 07:25:30',0,0),(28,52,'/photo/2.png',99737,'2016-11-23 07:25:30',99737,'2016-11-23 07:25:30',0,0),(29,53,'/photo/1.png',99737,'2016-11-23 07:25:39',99737,'2016-11-23 07:25:39',0,0),(30,54,'/photo/1.png',99737,'2016-11-23 07:25:42',99737,'2016-11-23 07:25:42',0,0),(31,55,'/photo/1.png',99737,'2016-11-23 07:25:48',99737,'2016-11-23 07:25:48',0,0),(32,56,'/photo/1.png',99737,'2016-11-23 07:26:28',99737,'2016-11-23 07:26:28',0,0),(33,57,'/photo/1.png',99737,'2016-11-23 07:26:28',99737,'2016-11-23 07:26:28',0,0),(34,58,'/photo/1.png',99737,'2016-11-23 07:26:42',99737,'2016-11-23 07:26:42',0,0),(35,59,'/photo/1.png',99737,'2016-11-23 07:27:19',99737,'2016-11-23 07:27:19',0,0),(36,60,'/photo/1.png',99737,'2016-11-23 07:27:20',99737,'2016-11-23 07:27:20',0,0),(37,61,'/photo/1.png',99737,'2016-11-23 07:27:23',99737,'2016-11-23 07:27:23',0,0),(45,62,'/photo/2.png',99737,'2016-11-23 07:44:14',99737,'2016-11-23 07:44:14',0,0);
/*!40000 ALTER TABLE `mlxx_bbs_photo` ENABLE KEYS */;
UNLOCK TABLES;

--
-- Table structure for table `mlxx_bbs_title`
--

DROP TABLE IF EXISTS `mlxx_bbs_title`;
/*!40101 SET @saved_cs_client     = @@character_set_client */;
/*!40101 SET character_set_client = utf8 */;
CREATE TABLE `mlxx_bbs_title` (
  `id` bigint(20) NOT NULL AUTO_INCREMENT,
  `name` text NOT NULL,
  `comments` int(11) NOT NULL DEFAULT '0',
  `create_user_id` bigint(20) NOT NULL,
  `create_datetime` timestamp NOT NULL DEFAULT CURRENT_TIMESTAMP,
  `modify_user_id` bigint(20) NOT NULL,
  `modify_datetime` timestamp NOT NULL DEFAULT CURRENT_TIMESTAMP,
  `group_id` bigint(20) NOT NULL,
  `user_id` bigint(20) NOT NULL,
  PRIMARY KEY (`id`)
) ENGINE=InnoDB AUTO_INCREMENT=54 DEFAULT CHARSET=utf8mb4;
/*!40101 SET character_set_client = @saved_cs_client */;

--
-- Dumping data for table `mlxx_bbs_title`
--

LOCK TABLES `mlxx_bbs_title` WRITE;
/*!40000 ALTER TABLE `mlxx_bbs_title` DISABLE KEYS */;
INSERT INTO `mlxx_bbs_title` VALUES (1,'论坛话题1',31,2232,'2016-12-05 05:09:25',2232,'2016-12-05 05:09:25',1,5),(2,'论坛话题2',2,1,'2016-12-05 05:18:07',1,'2016-12-05 05:18:11',2,2),(3,'论坛话题3',10,2,'2016-12-05 05:18:34',2,'2016-12-05 05:18:40',3,3),(4,'论坛话题4',2,1,'2016-12-05 05:19:29',1,'2016-12-05 05:19:33',4,4),(5,'adfasdf',0,5,'2016-12-06 07:50:00',5,'2016-12-05 23:50:00',1,5),(6,'234234234asf',0,5,'2016-12-06 07:51:58',5,'2016-12-05 23:51:58',1,5),(7,'qr534534',0,5,'2016-12-06 07:53:10',5,'2016-12-05 23:53:10',1,5),(8,'333',0,5,'2016-12-06 07:53:32',5,'2016-12-05 23:53:32',1,5),(9,'3534534',0,5,'2016-12-06 07:55:02',5,'2016-12-05 23:55:02',1,5),(10,'453453',0,5,'2016-12-06 07:56:32',5,'2016-12-05 23:56:32',1,5),(11,'xxxx',0,5,'2016-12-06 08:00:07',5,'2016-12-06 00:00:07',1,5),(12,'yyyy',1,5,'2016-12-06 08:01:12',5,'2016-12-06 00:01:12',1,5),(13,'aerwerw',0,5,'2016-12-06 08:01:17',5,'2016-12-06 00:01:17',1,5),(14,'eawrwerw',1,5,'2016-12-06 08:01:21',5,'2016-12-06 00:01:21',1,5),(15,'?????rewards',0,5,'2016-12-06 08:21:05',5,'2016-12-06 00:21:05',1,5),(16,'aw3rq3??☺️',3,5,'2016-12-07 03:27:33',5,'2016-12-06 19:27:33',1,5),(17,'asdfasdf',0,5,'2016-12-07 05:52:11',5,'2016-12-06 21:52:11',1,5),(18,'23423423',0,5,'2016-12-07 05:53:47',5,'2016-12-06 21:53:47',4,5),(19,'aqw35rq34523452345234523452v3 t4rftgvrtgveretgvwe56gv245t6bh45634h5h6g64',9,5,'2016-12-07 06:31:03',5,'2016-12-06 22:31:03',1,5),(20,'3124123',0,5,'2016-12-07 08:00:21',5,'2016-12-07 00:00:21',1,5),(21,'2341234',0,5,'2016-12-07 08:03:28',5,'2016-12-07 00:03:28',1,5),(22,'23453245344',0,5,'2016-12-07 08:04:14',5,'2016-12-07 00:04:14',1,5),(23,'3245234534',0,5,'2016-12-07 08:09:28',5,'2016-12-07 00:09:28',1,5),(24,'4123412342',0,5,'2016-12-07 08:11:09',5,'2016-12-07 00:11:09',1,5),(25,'234523453',1,5,'2016-12-07 08:12:06',5,'2016-12-07 00:12:06',1,5),(26,'34523453',2,5,'2016-12-07 08:13:30',5,'2016-12-07 00:13:30',1,5),(27,'23452345',1,5,'2016-12-07 08:14:05',5,'2016-12-07 00:14:05',1,5),(28,'234523453',4,5,'2016-12-07 08:16:27',5,'2016-12-07 00:16:27',1,5),(29,'2346345',0,5,'2016-12-07 08:19:15',5,'2016-12-07 00:19:15',1,5),(30,'23452345',5,5,'2016-12-07 08:19:52',5,'2016-12-07 00:19:52',3,5),(31,'234523453',0,5,'2016-12-07 08:20:09',5,'2016-12-07 00:20:09',3,5),(32,'265345645',1,5,'2016-12-07 08:20:19',5,'2016-12-07 00:20:19',3,5),(33,'4523453245',1,5,'2016-12-07 08:21:26',5,'2016-12-07 00:21:26',1,5),(34,'45234534',2,5,'2016-12-07 08:21:37',5,'2016-12-07 00:21:37',1,5),(35,'wr5q34otfijsaopfjpwev u5 4rn903wy5r0n9ewrtyevwhtnoewrthnbret',0,5,'2016-12-07 08:34:02',5,'2016-12-07 00:34:02',2,5),(36,'yyyyyyy',0,5,'2016-12-07 09:33:52',5,'2016-12-07 01:33:52',4,5),(37,'2345234534',1,5,'2016-12-07 09:40:50',5,'2016-12-07 01:40:50',1,5),(38,'3245234534',1,5,'2016-12-07 09:41:16',5,'2016-12-07 01:41:16',3,5),(39,'2345234534',0,5,'2016-12-07 09:41:22',5,'2016-12-07 01:41:22',4,5),(40,'新话题11111222222',2,5,'2016-12-07 10:04:55',5,'2016-12-07 02:04:55',4,5),(41,'谁家有语文书？？？',7,5,'2016-12-08 02:04:40',5,'2016-12-07 18:04:40',1,5),(42,'34534534',0,5,'2016-12-13 06:14:25',5,'2016-12-12 22:14:25',11,5),(43,'我我我我',0,1,'2016-12-14 02:31:14',1,'2016-12-13 18:31:14',6,1),(44,'1234123423',1,1,'2016-12-14 04:38:05',1,'2016-12-13 20:38:05',9,1),(45,'っなかはやま',1,5,'2016-12-15 13:19:44',5,'2016-12-15 05:19:44',7,5),(46,'23423423',0,5,'2016-12-29 02:29:10',5,'2016-12-28 18:29:10',7,5),(47,'34234',0,5,'2016-12-29 02:31:28',5,'2016-12-28 18:31:28',7,5),(48,'aaaaa',0,5,'2016-12-29 02:32:19',5,'2016-12-28 18:32:19',1,5),(49,'aaaa',2,5,'2016-12-29 02:32:35',5,'2016-12-28 18:32:35',7,5),(50,'bbbb',0,5,'2016-12-29 02:32:45',5,'2016-12-28 18:32:45',1,5),(51,'cccc',1,5,'2016-12-29 02:33:25',5,'2016-12-28 18:33:25',1,5),(52,'dddd',21,5,'2016-12-29 02:34:39',5,'2016-12-28 18:34:39',1,5),(53,'eeee',11,5,'2016-12-29 02:34:54',5,'2016-12-28 18:34:54',1,5);
/*!40000 ALTER TABLE `mlxx_bbs_title` ENABLE KEYS */;
UNLOCK TABLES;

--
-- Table structure for table `mlxx_bbs_title_favorite`
--

DROP TABLE IF EXISTS `mlxx_bbs_title_favorite`;
/*!40101 SET @saved_cs_client     = @@character_set_client */;
/*!40101 SET character_set_client = utf8 */;
CREATE TABLE `mlxx_bbs_title_favorite` (
  `id` bigint(20) NOT NULL AUTO_INCREMENT,
  `user_id` bigint(20) NOT NULL,
  `title_id` bigint(20) NOT NULL,
  `create_user_id` bigint(20) NOT NULL,
  `create_datetime` timestamp NOT NULL DEFAULT CURRENT_TIMESTAMP,
  `modify_user_id` bigint(20) NOT NULL,
  `modify_datetime` timestamp NOT NULL DEFAULT CURRENT_TIMESTAMP,
  PRIMARY KEY (`id`)
) ENGINE=InnoDB AUTO_INCREMENT=34 DEFAULT CHARSET=latin1;
/*!40101 SET character_set_client = @saved_cs_client */;

--
-- Dumping data for table `mlxx_bbs_title_favorite`
--

LOCK TABLES `mlxx_bbs_title_favorite` WRITE;
/*!40000 ALTER TABLE `mlxx_bbs_title_favorite` DISABLE KEYS */;
INSERT INTO `mlxx_bbs_title_favorite` VALUES (7,1,2,1,'2016-12-05 06:51:23',1,'2016-12-05 06:51:23'),(9,1,3,1,'2016-12-05 06:51:44',1,'2016-12-05 06:51:44'),(10,1,1,1,'2016-12-05 06:51:56',1,'2016-12-05 06:51:56'),(11,1,4,1,'2016-12-05 07:47:15',1,'2016-12-05 07:47:15'),(17,5,16,5,'2016-12-07 03:27:42',5,'2016-12-06 19:27:42'),(30,5,45,5,'2016-12-15 13:20:00',5,'2016-12-15 05:20:00'),(31,5,49,5,'2016-12-29 02:35:14',5,'2016-12-28 18:35:14'),(32,5,30,5,'2016-12-29 05:13:45',5,'2016-12-28 21:13:45');
/*!40000 ALTER TABLE `mlxx_bbs_title_favorite` ENABLE KEYS */;
UNLOCK TABLES;

--
-- Table structure for table `mlxx_bbs_video`
--

DROP TABLE IF EXISTS `mlxx_bbs_video`;
/*!40101 SET @saved_cs_client     = @@character_set_client */;
/*!40101 SET character_set_client = utf8 */;
CREATE TABLE `mlxx_bbs_video` (
  `id` bigint(20) NOT NULL AUTO_INCREMENT,
  `comment_id` bigint(20) NOT NULL,
  `url` text CHARACTER SET utf8 NOT NULL,
  `create_user_id` bigint(20) NOT NULL,
  `create_datetime` timestamp NOT NULL DEFAULT CURRENT_TIMESTAMP,
  `modify_user_id` bigint(20) NOT NULL,
  `modify_datetime` timestamp NOT NULL DEFAULT CURRENT_TIMESTAMP,
  `title_id` bigint(20) NOT NULL,
  `group_id` bigint(20) NOT NULL,
  PRIMARY KEY (`id`)
) ENGINE=InnoDB DEFAULT CHARSET=latin1;
/*!40101 SET character_set_client = @saved_cs_client */;

--
-- Dumping data for table `mlxx_bbs_video`
--

LOCK TABLES `mlxx_bbs_video` WRITE;
/*!40000 ALTER TABLE `mlxx_bbs_video` DISABLE KEYS */;
/*!40000 ALTER TABLE `mlxx_bbs_video` ENABLE KEYS */;
UNLOCK TABLES;

--
-- Table structure for table `mlxx_dash`
--

DROP TABLE IF EXISTS `mlxx_dash`;
/*!40101 SET @saved_cs_client     = @@character_set_client */;
/*!40101 SET character_set_client = utf8 */;
CREATE TABLE `mlxx_dash` (
  `id` bigint(20) NOT NULL AUTO_INCREMENT,
  `class_code` int(11) NOT NULL,
  `title_date` date NOT NULL,
  `weather_code` int(11) DEFAULT NULL,
  `title` text NOT NULL,
  `title_time` time NOT NULL,
  `content` text NOT NULL,
  `likes` int(11) NOT NULL DEFAULT '0',
  `comments` int(11) NOT NULL DEFAULT '0',
  `shares` int(11) NOT NULL DEFAULT '0',
  `create_user_id` bigint(20) NOT NULL,
  `create_datetime` timestamp NOT NULL DEFAULT CURRENT_TIMESTAMP,
  `modify_user_id` bigint(20) NOT NULL,
  `modify_datetime` timestamp NOT NULL DEFAULT CURRENT_TIMESTAMP,
  PRIMARY KEY (`id`)
) ENGINE=InnoDB AUTO_INCREMENT=90 DEFAULT CHARSET=utf8mb4;
/*!40101 SET character_set_client = @saved_cs_client */;

--
-- Dumping data for table `mlxx_dash`
--

LOCK TABLES `mlxx_dash` WRITE;
/*!40000 ALTER TABLE `mlxx_dash` DISABLE KEYS */;
INSERT INTO `mlxx_dash` VALUES (1,1,'2016-07-01',1,'公告标题1','07:18:21','公告内容。',1,1,0,1,'2016-07-01 00:37:49',1,'2016-12-06 03:02:02'),(2,2,'2016-07-01',2,'公告标题2','07:18:21','公告内容2。',0,2,0,1,'2016-07-01 00:37:49',1,'2016-07-01 00:37:49'),(3,1,'2016-11-18',2,'公告标题3','15:39:43','内容3',0,0,3,1,'2016-11-18 07:40:03',1,'2016-11-18 07:40:14'),(4,1,'2016-07-01',1,'公告标题4','07:18:21','公告内容。',0,0,0,1,'2016-07-01 00:37:49',1,'2016-07-01 00:37:49'),(5,2,'2016-07-01',2,'公告标题5','07:18:21','公告内容2。',0,0,0,1,'2016-07-01 00:37:49',1,'2016-07-01 00:37:49'),(6,1,'2016-11-18',2,'公告标题6','15:39:43','内容3',0,0,0,1,'2016-11-18 07:40:03',1,'2016-11-18 07:40:14'),(7,1,'2016-07-01',1,'公告标题7','07:18:21','公告内容。',0,0,0,1,'2016-07-01 00:37:49',1,'2016-07-01 00:37:49'),(8,2,'2016-07-01',2,'公告标题8','07:18:21','公告内容2。',0,0,0,1,'2016-07-01 00:37:49',1,'2016-07-01 00:37:49'),(9,1,'2016-11-18',2,'公告标题9','15:39:43','内容3',0,0,0,1,'2016-11-18 07:40:03',1,'2016-11-18 07:40:14'),(10,1,'2016-07-01',1,'公告标题10','07:18:21','公告内容。',0,0,0,1,'2016-07-01 00:37:49',1,'2016-07-01 00:37:49'),(11,2,'2016-07-01',2,'公告标题11','07:18:21','公告内容2。',0,0,0,1,'2016-07-01 00:37:49',1,'2016-07-01 00:37:49'),(12,1,'2016-11-18',2,'公告标题12','15:39:43','内容3',0,6,0,1,'2016-11-18 07:40:03',1984383408,'2016-11-22 07:35:32'),(13,1,'2016-07-01',1,'公告标题13','07:18:21','公告内容。',0,0,3,1,'2016-07-01 00:37:49',1,'2016-07-01 00:37:49'),(14,2,'2016-07-01',2,'公告标题14','07:18:21','<b>公告内容2。</b>',0,4,0,1,'2016-07-01 00:37:49',1,'2016-07-01 00:37:49'),(15,1,'2016-11-18',2,'公告标题15','15:39:43','&nbsp;&nbsp;&nbsp;&nbsp;公告视频。<video width=\"100%\" src=\"http://www.w3school.com.cn/i/movie.mp4\" controls=\"controls\"></video>',5,0,0,1,'2016-11-18 07:40:03',1,'2016-11-18 07:40:14'),(16,3,'2016-11-21',1,'新加公告标题','12:00:00','新加公告内容',0,0,0,0,'2016-11-21 09:33:12',0,'2016-11-21 09:33:12'),(17,3,'2016-11-21',1,'新加公告标题','12:00:00','新加公告内容',0,0,0,0,'2016-11-22 01:26:07',0,'2016-11-22 01:26:07'),(18,3,'2016-11-21',1,'新加公告标题','12:00:00','新加公告内容',1,0,1,0,'2016-11-22 01:27:23',1110224847,'2016-11-22 08:17:04'),(22,321,'2016-11-22',3,'新加公告标题???','12:00:00','公告评论内容2111',0,0,0,1808504924,'2016-11-22 09:10:36',1808504924,'2016-11-22 09:10:36'),(23,321,'2016-11-22',3,'新加公告标题???','12:00:00','公告评论内容2111',0,0,0,99736,'2016-11-23 01:36:46',99737,'2016-11-23 01:37:30'),(24,3,'2016-12-12',1,'新加公告标题','00:00:00','新加公告内容',0,0,0,99737,'2016-11-23 06:45:32',99737,'2016-11-23 06:45:15'),(25,3,'2016-12-12',1,'新加公告标题','00:00:00','新加公告内容',0,0,0,99737,'2016-11-23 07:06:33',99737,'2016-11-23 07:06:33'),(26,3,'2016-12-12',1,'新加公告标题','00:00:00','新加公告内容',0,0,0,99737,'2016-11-23 07:08:51',99737,'2016-11-23 07:08:51'),(27,3,'2016-12-12',1,'新加公告标题','00:00:00','新加公告内容',0,0,0,99737,'2016-11-23 07:09:18',99737,'2016-11-23 07:09:18'),(28,3,'2016-12-12',1,'新加公告标题','00:00:00','新加公告内容',0,0,0,99737,'2016-11-23 07:09:49',99737,'2016-11-23 07:09:49'),(29,3,'2016-12-12',1,'新加公告标题','00:00:00','新加公告内容',0,0,0,99737,'2016-11-23 07:10:20',99737,'2016-11-23 07:10:20'),(30,3,'2016-12-12',1,'新加公告标题','00:00:00','新加公告内容',0,0,0,99737,'2016-11-23 07:11:34',99737,'2016-11-23 07:11:34'),(31,3,'2016-12-12',1,'新加公告标题','00:00:00','新加公告内容',0,0,0,99737,'2016-11-23 07:12:18',99737,'2016-11-23 07:12:18'),(32,3,'2016-12-12',1,'新加公告标题','00:00:00','新加公告内容',0,0,0,99737,'2016-11-23 07:13:03',99737,'2016-11-23 07:13:03'),(33,3,'2016-12-12',1,'新加公告标题','00:00:00','新加公告内容',0,0,0,99737,'2016-11-23 07:13:36',99737,'2016-11-23 07:13:36'),(34,3,'2016-12-12',1,'新加公告标题','00:00:00','新加公告内容',0,0,0,99737,'2016-11-23 07:14:14',99737,'2016-11-23 07:14:14'),(35,3,'2016-12-12',1,'新加公告标题','00:00:00','新加公告内容',0,0,0,99737,'2016-11-23 07:14:30',99737,'2016-11-23 07:14:30'),(36,3,'2016-12-12',1,'新加公告标题','00:00:00','新加公告内容',0,0,0,99737,'2016-11-23 07:14:58',99737,'2016-11-23 07:14:58'),(37,3,'2016-12-12',1,'新加公告标题','00:00:00','新加公告内容',0,0,0,99737,'2016-11-23 07:15:22',99737,'2016-11-23 07:15:22'),(38,3,'2016-12-12',1,'新加公告标题','00:00:00','新加公告内容',0,0,0,99737,'2016-11-23 07:16:31',99737,'2016-11-23 07:16:31'),(39,321,'2016-11-22',3,'新加公告标题???','12:00:00','公告评论内容2111',0,0,0,99737,'2016-11-23 07:20:32',99737,'2016-11-23 07:20:32'),(45,321,'2016-11-22',3,'新加公告标题???','12:00:00','公告评论内容2111',0,0,0,99737,'2016-11-23 07:22:32',99737,'2016-11-23 07:22:32'),(46,321,'2016-11-22',3,'新加公告标题???','12:00:00','公告评论内容2111',0,0,0,99737,'2016-11-23 07:22:54',99737,'2016-11-23 07:22:54'),(47,321,'2016-11-22',3,'新加公告标题???','12:00:00','公告评论内容2111',0,0,0,99737,'2016-11-23 07:22:55',99737,'2016-11-23 07:22:55'),(48,321,'2016-11-22',3,'新加公告标题???','12:00:00','公告评论内容2111',0,0,0,99737,'2016-11-23 07:23:21',99737,'2016-11-23 07:23:21'),(49,321,'2016-11-22',3,'新加公告标题???','12:00:00','公告评论内容2111',0,0,0,99737,'2016-11-23 07:24:54',99737,'2016-11-23 07:24:54'),(50,321,'2016-11-22',3,'新加公告标题???','12:00:00','公告评论内容2111',0,0,0,99737,'2016-11-23 07:25:02',99737,'2016-11-23 07:25:02'),(51,321,'2016-11-22',3,'新加公告标题???','12:00:00','公告评论内容2111',0,0,0,99737,'2016-11-23 07:25:20',99737,'2016-11-23 07:25:20'),(52,321,'2016-11-22',3,'新加公告标题???','12:00:00','公告评论内容2111',0,0,0,99737,'2016-11-23 07:25:29',99737,'2016-11-23 07:25:29'),(53,321,'2016-11-22',3,'新加公告标题???','12:00:00','公告评论内容2111',0,0,0,99737,'2016-11-23 07:25:39',99737,'2016-11-23 07:25:39'),(54,321,'2016-11-22',3,'新加公告标题???','12:00:00','公告评论内容2111',0,0,0,99737,'2016-11-23 07:25:42',99737,'2016-11-23 07:25:42'),(55,321,'2016-11-22',3,'新加公告标题???','12:00:00','公告评论内容2111',0,0,0,99737,'2016-11-23 07:25:48',99737,'2016-11-23 07:25:48'),(56,321,'2016-11-22',3,'新加公告标题???','12:00:00','公告评论内容2111',0,0,0,99737,'2016-11-23 07:26:28',99737,'2016-11-23 07:26:28'),(57,321,'2016-11-22',3,'新加公告标题???','12:00:00','公告评论内容2111',0,0,0,99737,'2016-11-23 07:26:28',99737,'2016-11-23 07:26:28'),(58,321,'2016-11-22',3,'新加公告标题???','12:00:00','公告评论内容2111',0,0,0,99737,'2016-11-23 07:26:42',99737,'2016-11-23 07:26:42'),(59,321,'2016-11-22',3,'新加公告标题???','12:00:00','公告评论内容2111',0,0,0,99737,'2016-11-23 07:27:19',99737,'2016-11-23 07:27:19'),(60,321,'2016-11-22',3,'新加公告标题???','12:00:00','公告评论内容2111',0,0,0,99737,'2016-11-23 07:27:20',99737,'2016-11-23 07:27:20'),(61,321,'2016-11-22',3,'新加公告标题???','12:00:00','公告评论内容2111',0,0,0,99737,'2016-11-23 07:27:23',99737,'2016-11-23 07:27:23'),(62,321,'2016-11-22',3,'新加公告标题???','12:00:00','公告评论内容2111',0,0,0,99737,'2016-11-23 07:32:57',99737,'2016-11-23 07:44:14'),(63,321,'2016-11-22',3,'新加公告标题???','12:00:00','公告评论内容2111',0,0,0,99737,'2016-11-23 07:34:42',99737,'2016-11-23 07:43:52'),(64,321,'2016-11-22',3,'新加公告标题???','12:00:00','公告评论内容2111',0,0,0,99737,'2016-11-23 07:34:47',99737,'2016-11-23 07:34:47'),(65,321,'2016-11-22',3,'新加公告标题???','12:00:00','公告评论内容2111',0,0,0,99737,'2016-11-23 07:35:58',99737,'2016-11-23 07:35:58'),(66,321,'2016-11-22',3,'新加公告标题???','12:00:00','公告评论内容2111',0,0,0,99737,'2016-11-23 07:36:06',99737,'2016-11-23 07:36:06'),(67,321,'2016-11-22',3,'新加公告标题???','12:00:00','公告评论内容2111',0,0,0,99737,'2016-11-23 07:36:11',99737,'2016-11-23 07:36:11'),(68,321,'2016-11-22',3,'新加公告标题???','12:00:00','公告评论内容2111',0,0,0,99737,'2016-11-23 07:37:49',99737,'2016-11-23 07:37:49'),(69,321,'2016-11-22',3,'新加公告标题???','12:00:00','公告评论内容2111',0,0,0,99737,'2016-11-23 07:37:51',99737,'2016-11-23 07:43:43'),(73,321,'2016-11-22',3,'新加公告标题???','12:00:00','公告评论内容2111',0,0,0,99737,'2016-11-23 07:39:46',99737,'2016-11-23 07:39:46'),(74,321,'2016-11-22',3,'新加公告标题???','12:00:00','公告评论内容2111',0,0,0,223,'2016-11-25 07:37:38',223,'2016-11-25 07:37:38'),(75,321,'2016-11-22',3,'新加公告标题???','12:00:00','公告评论内容2111',0,0,0,223,'2016-11-25 07:44:26',223,'2016-12-05 23:05:43'),(76,321,'2016-11-22',3,'新加公告标题???','12:00:00','公告评论内容2111',1,0,0,2232,'2016-12-01 05:35:59',2232,'2016-12-05 23:05:38'),(77,321,'2016-11-22',3,'新加公告标题???','12:00:00','    公告评论内容2111<html><video></video>',1,0,0,2232,'2016-12-01 08:40:07',2232,'2016-12-05 09:18:10'),(78,321,'2016-11-22',3,'新加公告标题???','12:00:00','公告评论内容2111',2,2,0,2232,'2016-12-01 08:41:36',2232,'2016-12-05 23:05:31'),(79,321,'2016-11-22',3,'新加公告标题新加公告标题新加公告标题新加公告标题新加公告标题','12:00:00','公告评论内容2111',4,51,0,2232,'2016-12-01 09:34:31',2232,'2016-12-06 00:28:08'),(80,321,'2016-11-22',NULL,'论坛话题','12:00:00','公告评论内容2111',0,0,0,2232,'2016-12-06 09:08:08',2232,'2016-12-06 01:08:08'),(81,321,'2016-11-22',NULL,'论坛话题','12:00:00','公告评论内容2111',1,0,0,2232,'2016-12-06 09:08:26',2232,'2016-12-06 01:08:26'),(82,321,'2016-11-22',NULL,'论坛话题','12:00:00','公告评论内容2111',2,1,0,2232,'2016-12-06 09:08:42',2232,'2016-12-06 01:08:42'),(83,321,'2016-11-22',NULL,'论坛话题','12:00:00','公告评论内容2111',1,1,0,2232,'2016-12-06 09:08:49',2232,'2016-12-06 01:08:49'),(84,321,'2016-11-22',NULL,'论坛话题','12:00:00','公告评论内容2111',2,5,0,2232,'2016-12-06 09:09:58',2232,'2016-12-06 01:09:58'),(85,108,'2016-11-22',NULL,'论坛话题','12:00:00','公告评论内容2113',2,41,0,2232,'2016-12-07 02:38:51',2232,'2016-12-06 18:38:51'),(89,321,'2016-11-22',NULL,'论坛话题????','12:00:00','公告评论内容2113',0,8,0,2232,'2016-12-20 07:34:50',2232,'2016-12-19 23:34:50');
/*!40000 ALTER TABLE `mlxx_dash` ENABLE KEYS */;
UNLOCK TABLES;

--
-- Table structure for table `mlxx_dash_comment`
--

DROP TABLE IF EXISTS `mlxx_dash_comment`;
/*!40101 SET @saved_cs_client     = @@character_set_client */;
/*!40101 SET character_set_client = utf8 */;
CREATE TABLE `mlxx_dash_comment` (
  `id` bigint(20) NOT NULL AUTO_INCREMENT,
  `dash_id` bigint(20) NOT NULL,
  `user_id` bigint(20) NOT NULL,
  `comment_time` datetime NOT NULL DEFAULT CURRENT_TIMESTAMP,
  `content` text NOT NULL,
  `create_user_id` bigint(20) NOT NULL,
  `create_datetime` timestamp NOT NULL DEFAULT CURRENT_TIMESTAMP,
  `modify_user_id` bigint(20) NOT NULL,
  `modify_datetime` timestamp NOT NULL DEFAULT CURRENT_TIMESTAMP,
  PRIMARY KEY (`id`)
) ENGINE=InnoDB AUTO_INCREMENT=120 DEFAULT CHARSET=utf8mb4;
/*!40101 SET character_set_client = @saved_cs_client */;

--
-- Dumping data for table `mlxx_dash_comment`
--

LOCK TABLES `mlxx_dash_comment` WRITE;
/*!40000 ALTER TABLE `mlxx_dash_comment` DISABLE KEYS */;
INSERT INTO `mlxx_dash_comment` VALUES (1,3,2,'2016-11-12 12:00:00','公告评论内容2111',2065747907,'2016-11-22 06:27:46',99737,'2016-11-23 08:21:28'),(2,3,1,'2016-11-12 12:00:00','新加公告内容',371146669,'2016-11-22 06:29:07',371146669,'2016-11-22 06:29:07'),(4,79,1,'2016-11-13 12:00:02','公告评论内容2110',1847264799,'2016-11-22 06:40:44',1847264799,'2016-11-22 06:40:44'),(5,79,4,'2016-11-13 12:00:02','公告评论内容2111',90830575,'2016-11-22 06:42:09',90830575,'2016-11-22 06:42:09'),(6,79,1,'2016-11-13 12:00:02','公告评论内容2112',108855267,'2016-11-22 06:42:41',108855267,'2016-11-22 06:42:41'),(7,79,5,'2016-11-13 12:00:02','公告评论内容2113',1363734210,'2016-11-22 06:42:42',1363734210,'2016-11-22 06:42:42'),(8,79,1,'2016-11-13 12:00:02','公告评论内容2114',134950003,'2016-11-22 07:14:15',134950003,'2016-11-22 07:14:15'),(11,79,1,'2016-11-13 12:00:02','公告评论内容2115',597311320,'2016-11-22 07:15:45',597311320,'2016-11-22 07:15:45'),(12,79,2,'2016-11-13 12:00:02','公告评论内容2116',1895928130,'2016-11-22 07:15:46',1895928130,'2016-11-22 07:15:46'),(13,79,3,'2016-11-13 12:00:02','公告评论内容2117',1233798396,'2016-11-22 07:15:49',1233798396,'2016-11-22 07:15:49'),(14,1,5,'2016-11-13 12:00:02','公告评论内容2118',2232,'2016-12-06 03:02:02',2232,'2016-12-06 03:02:02'),(15,79,5,'2016-11-13 12:00:02','公告评论内容2119',2232,'2016-12-06 03:02:11',2232,'2016-12-06 03:02:11'),(16,79,5,'2016-11-13 12:00:02','公告评论内容2120',2232,'2016-12-06 03:02:11',2232,'2016-12-06 03:02:11'),(17,79,5,'2016-11-13 12:00:02','公告评论内容2121',2232,'2016-12-06 03:02:11',2232,'2016-12-06 03:02:11'),(18,79,5,'2016-11-13 12:00:02','公告评论内容2122',2232,'2016-12-06 03:02:11',2232,'2016-12-06 03:02:11'),(19,79,5,'2016-11-13 12:00:02','公告评论内容2123',2232,'2016-12-06 03:02:12',2232,'2016-12-06 03:02:12'),(20,79,5,'2016-11-13 12:00:02','公告评论内容2124',2232,'2016-12-06 03:02:12',2232,'2016-12-06 03:02:12'),(21,79,5,'2016-11-13 12:00:02','公告评论内容2125',2232,'2016-12-06 03:02:12',2232,'2016-12-06 03:02:12'),(22,79,5,'2016-11-13 12:00:02','公告评论内容2126',2232,'2016-12-06 03:02:12',2232,'2016-12-06 03:02:12'),(23,79,5,'2016-11-13 12:00:02','公告评论内容2127',2232,'2016-12-06 03:02:12',2232,'2016-12-06 03:02:12'),(24,79,5,'2016-11-13 12:00:02','公告评论内容2128',2232,'2016-12-06 03:02:12',2232,'2016-12-06 03:02:12'),(25,79,5,'2016-11-13 12:00:02','公告评论内容2129',2232,'2016-12-06 03:02:13',2232,'2016-12-06 03:02:13'),(26,79,5,'2016-11-13 12:00:02','公告评论内容2130',2232,'2016-12-06 03:02:13',2232,'2016-12-06 03:02:13'),(27,79,5,'2016-11-13 12:00:02','公告评论内容2131',2232,'2016-12-06 03:02:13',2232,'2016-12-06 03:02:13'),(28,79,5,'2016-11-13 12:00:02','公告评论内容2132',2232,'2016-12-06 03:02:13',2232,'2016-12-06 03:02:13'),(29,79,5,'2016-11-13 12:00:02','公告评论内容2133',2232,'2016-12-06 03:02:13',2232,'2016-12-06 03:02:13'),(30,79,1,'2016-12-06 05:37:16','abcd',1,'2016-12-06 05:37:16',1,'2016-12-06 05:37:16'),(31,79,1,'2016-12-06 05:38:34','abcdefg',1,'2016-12-06 05:38:34',1,'2016-12-06 05:38:34'),(32,79,5,'2016-12-06 06:04:02','werwer',5,'2016-12-06 06:04:02',5,'2016-12-06 06:04:02'),(33,79,5,'2016-12-06 06:04:08','rw342343',5,'2016-12-06 06:04:08',5,'2016-12-06 06:04:08'),(34,79,5,'2016-12-06 06:04:27','23423432',5,'2016-12-06 06:04:27',5,'2016-12-06 06:04:27'),(35,79,5,'2016-12-06 06:05:40','23234',5,'2016-12-06 06:05:40',5,'2016-12-06 06:05:40'),(36,79,5,'2016-12-06 06:05:49','我是王海明。',5,'2016-12-06 06:05:49',5,'2016-12-06 06:05:49'),(37,79,5,'2016-12-06 06:05:58','你好。',5,'2016-12-06 06:05:58',5,'2016-12-06 06:05:58'),(38,79,5,'2016-12-06 06:09:18','ok。',5,'2016-12-06 06:09:18',5,'2016-12-06 06:09:18'),(39,79,5,'2016-12-06 06:14:45','asdfasfd',5,'2016-12-06 06:14:45',5,'2016-12-06 06:14:45'),(40,79,5,'2016-12-06 06:14:50','adfasdf',5,'2016-12-06 06:14:50',5,'2016-12-06 06:14:50'),(41,79,5,'2016-12-06 06:17:03','234234',5,'2016-12-06 06:17:04',5,'2016-12-05 22:17:04'),(42,79,5,'2016-12-06 06:17:06','4343',5,'2016-12-06 06:17:06',5,'2016-12-05 22:17:06'),(43,78,5,'2016-12-06 06:18:19','第一次评论。',5,'2016-12-06 06:18:19',5,'2016-12-05 22:18:19'),(44,79,5,'2016-12-06 08:20:19','22;,7;665544',5,'2016-12-06 08:20:19',5,'2016-12-06 00:20:19'),(45,79,5,'2016-12-06 08:20:38','woshiwanghm.',5,'2016-12-06 08:20:38',5,'2016-12-06 00:20:38'),(46,79,5,'2016-12-06 08:26:23','我是王海明',5,'2016-12-06 08:26:23',5,'2016-12-06 00:26:23'),(47,79,5,'2016-12-06 08:27:55','????????',5,'2016-12-06 08:27:55',5,'2016-12-06 00:27:55'),(48,79,5,'2016-12-06 08:28:08','???????☺️???',5,'2016-12-06 08:28:08',5,'2016-12-06 00:28:08'),(50,79,5,'2016-11-13 12:00:02','公告评论内容2111',2232,'2016-12-06 09:37:35',2232,'2016-12-06 01:37:35'),(51,79,5,'2016-11-13 12:00:02','公告评论内容2111',2232,'2016-12-06 09:38:00',2232,'2016-12-06 01:38:00'),(54,79,5,'2016-11-13 12:00:02','公告评论内容2111',2232,'2016-12-06 09:40:16',2232,'2016-12-06 01:40:16'),(55,79,5,'2016-11-13 12:00:02','公告评论内容2111',2232,'2016-12-06 09:40:23',2232,'2016-12-06 01:40:23'),(56,79,5,'2016-11-13 12:00:02','公告评论内容2113',2232,'2016-12-06 09:40:53',2232,'2016-12-06 01:47:13'),(58,84,5,'2016-12-07 03:14:42','啊啊啊啊????',5,'2016-12-07 03:14:42',5,'2016-12-06 19:14:42'),(59,84,5,'2016-12-07 03:16:06','asdfasd????????⚾️???',5,'2016-12-07 03:16:06',5,'2016-12-06 19:16:06'),(60,85,5,'2016-12-07 03:17:36','Fgtd?????',5,'2016-12-07 03:17:36',5,'2016-12-06 19:17:36'),(61,85,5,'2016-12-07 03:18:06','Dghh???⛹?‍♀️???????♈️???☸️',5,'2016-12-07 03:18:06',5,'2016-12-06 19:18:06'),(62,79,5,'2016-12-07 06:05:58','ffff',5,'2016-12-07 06:05:58',5,'2016-12-06 22:05:58'),(63,79,5,'2016-12-07 06:06:06','wr45235234',5,'2016-12-07 06:06:07',5,'2016-12-06 22:06:07'),(64,79,5,'2016-12-07 06:06:10','w3rqwe445rq34r534',5,'2016-12-07 06:06:10',5,'2016-12-06 22:06:10'),(65,85,5,'2016-12-07 06:07:02','发来我',5,'2016-12-07 06:07:02',5,'2016-12-06 22:07:02'),(66,85,5,'2016-12-07 07:25:33','2342342',5,'2016-12-07 07:25:33',5,'2016-12-06 23:25:33'),(67,85,5,'2016-12-07 07:25:38','23423',5,'2016-12-07 07:25:38',5,'2016-12-06 23:25:38'),(68,85,5,'2016-12-07 07:26:10','523453',5,'2016-12-07 07:26:10',5,'2016-12-06 23:26:10'),(69,85,5,'2016-12-07 07:26:12','23452345',5,'2016-12-07 07:26:12',5,'2016-12-06 23:26:12'),(70,85,5,'2016-12-07 07:26:32','234512345',5,'2016-12-07 07:26:32',5,'2016-12-06 23:26:32'),(71,85,5,'2016-12-07 07:27:15','12341234',5,'2016-12-07 07:27:15',5,'2016-12-06 23:27:15'),(72,85,5,'2016-12-07 07:27:24','12341234',5,'2016-12-07 07:27:24',5,'2016-12-06 23:27:24'),(73,85,5,'2016-12-07 07:27:49','2345234',5,'2016-12-07 07:27:49',5,'2016-12-06 23:27:49'),(74,85,5,'2016-12-07 07:27:52','234534',5,'2016-12-07 07:27:52',5,'2016-12-06 23:27:52'),(75,85,5,'2016-12-07 07:27:55','23452345',5,'2016-12-07 07:27:55',5,'2016-12-06 23:27:55'),(76,85,5,'2016-12-07 07:28:50','1324234',5,'2016-12-07 07:28:50',5,'2016-12-06 23:28:50'),(77,85,5,'2016-12-07 07:29:14','12341234',5,'2016-12-07 07:29:14',5,'2016-12-06 23:29:14'),(78,85,5,'2016-12-07 07:31:55','3453453',5,'2016-12-07 07:31:55',5,'2016-12-06 23:31:55'),(79,85,5,'2016-12-07 07:32:02','23452345',5,'2016-12-07 07:32:02',5,'2016-12-06 23:32:02'),(80,85,5,'2016-12-07 07:32:05','2345234523',5,'2016-12-07 07:32:05',5,'2016-12-06 23:32:05'),(81,85,5,'2016-12-07 07:32:23','23452345',5,'2016-12-07 07:32:23',5,'2016-12-06 23:32:23'),(82,85,5,'2016-12-07 07:32:26','23452345',5,'2016-12-07 07:32:26',5,'2016-12-06 23:32:26'),(83,85,5,'2016-12-07 07:35:22','2345234',5,'2016-12-07 07:35:22',5,'2016-12-06 23:35:22'),(84,84,5,'2016-12-07 07:35:35','2345234',5,'2016-12-07 07:35:35',5,'2016-12-06 23:35:35'),(85,79,5,'2016-12-07 07:35:44','245234534',5,'2016-12-07 07:35:44',5,'2016-12-06 23:35:44'),(86,78,5,'2016-12-07 07:35:58','23452345',5,'2016-12-07 07:35:58',5,'2016-12-06 23:35:58'),(87,85,5,'2016-12-07 07:41:12','12351345',5,'2016-12-07 07:41:12',5,'2016-12-06 23:41:12'),(88,85,5,'2016-12-07 07:43:12','235234534',5,'2016-12-07 07:43:12',5,'2016-12-06 23:43:12'),(89,85,5,'2016-12-07 07:43:19','34523452345',5,'2016-12-07 07:43:19',5,'2016-12-06 23:43:19'),(90,85,5,'2016-12-07 07:50:44','3452345',5,'2016-12-07 07:50:44',5,'2016-12-06 23:50:44'),(91,85,5,'2016-12-07 07:50:50','452345234',5,'2016-12-07 07:50:50',5,'2016-12-06 23:50:50'),(92,85,5,'2016-12-07 07:51:25','23452345',5,'2016-12-07 07:51:25',5,'2016-12-06 23:51:25'),(93,85,5,'2016-12-07 07:52:35','12341235555',5,'2016-12-07 07:52:35',5,'2016-12-06 23:52:35'),(94,85,5,'2016-12-07 09:41:36','2345345',5,'2016-12-07 09:41:36',5,'2016-12-07 01:41:36'),(95,85,5,'2016-12-08 03:32:11','Xfhgdd',5,'2016-12-08 03:32:11',5,'2016-12-07 19:32:11'),(96,85,5,'2016-12-08 03:32:16','?',5,'2016-12-08 03:32:16',5,'2016-12-07 19:32:16'),(97,83,5,'2016-12-08 07:44:15','asdfasdfsdf',5,'2016-12-08 07:44:15',5,'2016-12-07 23:44:15'),(98,85,5,'2016-12-13 06:14:04','234534',5,'2016-12-13 06:14:04',5,'2016-12-12 22:14:04'),(99,85,5,'2016-12-13 06:47:39','23423',5,'2016-12-13 06:47:39',5,'2016-12-12 22:47:39'),(100,85,1,'2016-12-14 04:37:35','24132534',1,'2016-12-14 04:37:35',1,'2016-12-13 20:37:35'),(101,85,1,'2016-12-15 03:27:28','23534534',1,'2016-12-15 03:27:28',1,'2016-12-14 19:27:28'),(102,85,1,'2016-12-15 03:27:37','aaaaa',1,'2016-12-15 03:27:37',1,'2016-12-14 19:27:37'),(103,85,1,'2016-12-15 03:27:39','bbbb',1,'2016-12-15 03:27:39',1,'2016-12-14 19:27:39'),(104,85,1,'2016-12-15 03:27:55','bbcccc',1,'2016-12-15 03:27:55',1,'2016-12-14 19:27:55'),(105,79,22,'2016-12-06 08:20:10','公告评论内容2113',2232,'2016-12-15 03:29:15',2232,'2016-12-14 19:29:15'),(106,85,5,'2016-12-15 13:05:45','????????',5,'2016-12-15 13:05:46',5,'2016-12-15 05:05:46'),(107,82,5,'2016-12-15 13:10:32','Dfghhj',5,'2016-12-15 13:10:32',5,'2016-12-15 05:10:32'),(108,85,5,'2016-12-15 13:18:09','???bhgなまたな',5,'2016-12-15 13:18:09',5,'2016-12-15 05:18:09'),(109,85,1,'2016-12-19 09:04:16','aaa',1,'2016-12-19 09:04:16',1,'2016-12-19 01:04:16'),(110,84,1,'2016-12-19 09:04:41','阿斯顿发斯蒂芬',1,'2016-12-19 09:04:41',1,'2016-12-19 01:04:41'),(111,84,1,'2016-12-19 09:04:46','阿斯蒂芬a\'s\'d',1,'2016-12-19 09:04:46',1,'2016-12-19 01:04:46'),(112,89,1,'2016-12-20 07:36:35','34234',1,'2016-12-20 07:36:35',1,'2016-12-19 23:36:35'),(113,89,5,'2016-12-20 07:45:03','Fdsfhh',5,'2016-12-20 07:45:03',5,'2016-12-19 23:45:03'),(114,89,5,'2016-12-20 07:45:14','Vffg',5,'2016-12-20 07:45:14',5,'2016-12-19 23:45:14'),(115,89,5,'2016-12-20 07:46:40','Ffrgjj',5,'2016-12-20 07:46:40',5,'2016-12-19 23:46:40'),(116,89,5,'2016-12-20 07:46:46','Ffrgjj',5,'2016-12-20 07:46:46',5,'2016-12-19 23:46:46'),(117,89,5,'2016-12-20 07:46:59','Ffrgjj',5,'2016-12-20 07:46:59',5,'2016-12-19 23:46:59'),(118,89,5,'2016-12-20 07:50:38','Fdrty',5,'2016-12-20 07:50:38',5,'2016-12-19 23:50:38'),(119,89,5,'2016-12-20 07:50:45','Hbcdhjnb',5,'2016-12-20 07:50:45',5,'2016-12-19 23:50:45');
/*!40000 ALTER TABLE `mlxx_dash_comment` ENABLE KEYS */;
UNLOCK TABLES;

--
-- Table structure for table `mlxx_dash_like`
--

DROP TABLE IF EXISTS `mlxx_dash_like`;
/*!40101 SET @saved_cs_client     = @@character_set_client */;
/*!40101 SET character_set_client = utf8 */;
CREATE TABLE `mlxx_dash_like` (
  `id` bigint(20) NOT NULL AUTO_INCREMENT,
  `dash_id` bigint(20) NOT NULL,
  `user_id` bigint(20) NOT NULL,
  `like_time` datetime NOT NULL DEFAULT CURRENT_TIMESTAMP,
  `create_user_id` bigint(20) NOT NULL,
  `create_datetime` timestamp NOT NULL DEFAULT CURRENT_TIMESTAMP,
  `modify_user_id` bigint(20) NOT NULL,
  `modify_datetime` timestamp NOT NULL DEFAULT CURRENT_TIMESTAMP,
  PRIMARY KEY (`id`),
  UNIQUE KEY `dash_user_unique` (`dash_id`,`user_id`)
) ENGINE=InnoDB AUTO_INCREMENT=39 DEFAULT CHARSET=utf8;
/*!40101 SET character_set_client = @saved_cs_client */;

--
-- Dumping data for table `mlxx_dash_like`
--

LOCK TABLES `mlxx_dash_like` WRITE;
/*!40000 ALTER TABLE `mlxx_dash_like` DISABLE KEYS */;
INSERT INTO `mlxx_dash_like` VALUES (1,18,2,'2016-11-13 12:00:02',1552788864,'2016-11-22 08:17:04',1552788864,'2016-11-22 08:17:04'),(2,79,1,'2016-12-05 17:05:46',1,'2016-12-05 09:05:46',1,'2016-12-05 09:05:46'),(13,78,1,'2016-12-05 17:18:01',1,'2016-12-05 09:18:01',1,'2016-12-05 09:18:01'),(18,77,1,'2016-12-05 17:18:10',1,'2016-12-05 09:18:10',1,'2016-12-05 09:18:10'),(21,76,1,'2016-12-05 17:22:07',1,'2016-12-05 09:22:07',1,'2016-12-05 09:22:07'),(26,78,5,'2016-12-06 15:05:31',5,'2016-12-06 07:05:31',5,'2016-12-05 23:05:31'),(27,77,7,'2016-12-05 17:18:10',1,'2016-12-05 09:18:10',1,'2016-12-05 09:18:10'),(28,79,5,'2016-12-07 10:26:11',2232,'2016-12-07 02:26:11',2232,'2016-12-07 02:26:11'),(29,79,55,'2016-12-07 10:33:34',2232,'2016-12-07 02:33:34',2232,'2016-12-06 18:33:34'),(30,85,5,'2016-12-07 15:32:33',5,'2016-12-07 07:32:33',5,'2016-12-06 23:32:33'),(31,84,5,'2016-12-07 15:35:14',5,'2016-12-07 07:35:14',5,'2016-12-06 23:35:14'),(32,83,5,'2016-12-08 11:32:30',5,'2016-12-08 03:32:30',5,'2016-12-07 19:32:30'),(33,79,22,'2016-12-12 09:28:28',2232,'2016-12-12 01:28:28',2232,'2016-12-11 17:28:28'),(34,85,1,'2016-12-15 10:35:49',1,'2016-12-15 02:35:49',1,'2016-12-14 18:35:49'),(35,84,1,'2016-12-15 10:36:31',1,'2016-12-15 02:36:31',1,'2016-12-14 18:36:31'),(36,82,1,'2016-12-15 10:36:37',1,'2016-12-15 02:36:37',1,'2016-12-14 18:36:37'),(37,81,1,'2016-12-15 10:36:52',1,'2016-12-15 02:36:52',1,'2016-12-14 18:36:52'),(38,82,5,'2016-12-15 21:10:15',5,'2016-12-15 13:10:15',5,'2016-12-15 05:10:15');
/*!40000 ALTER TABLE `mlxx_dash_like` ENABLE KEYS */;
UNLOCK TABLES;

--
-- Table structure for table `mlxx_dash_photo`
--

DROP TABLE IF EXISTS `mlxx_dash_photo`;
/*!40101 SET @saved_cs_client     = @@character_set_client */;
/*!40101 SET character_set_client = utf8 */;
CREATE TABLE `mlxx_dash_photo` (
  `id` bigint(20) NOT NULL AUTO_INCREMENT,
  `dash_id` bigint(20) NOT NULL,
  `url` text NOT NULL,
  `create_user_id` bigint(20) NOT NULL,
  `create_datetime` timestamp NOT NULL DEFAULT CURRENT_TIMESTAMP,
  `modify_user_id` bigint(20) NOT NULL,
  `modify_datetime` timestamp NOT NULL DEFAULT CURRENT_TIMESTAMP,
  PRIMARY KEY (`id`)
) ENGINE=InnoDB AUTO_INCREMENT=62 DEFAULT CHARSET=utf8;
/*!40101 SET character_set_client = @saved_cs_client */;

--
-- Dumping data for table `mlxx_dash_photo`
--

LOCK TABLES `mlxx_dash_photo` WRITE;
/*!40000 ALTER TABLE `mlxx_dash_photo` DISABLE KEYS */;
INSERT INTO `mlxx_dash_photo` VALUES (1,12,'/photos/abc.png',1,'2016-11-23 02:16:33',1,'2016-11-23 02:16:38'),(2,12,'/photo/def.png',2,'2016-11-23 02:35:03',2,'2016-11-23 02:35:11'),(3,0,'1.png',99737,'2016-11-23 07:12:19',99737,'2016-11-23 07:12:19'),(4,0,'2.png',99737,'2016-11-23 07:12:19',99737,'2016-11-23 07:12:19'),(5,0,'1.png',99737,'2016-11-23 07:13:04',99737,'2016-11-23 07:13:04'),(6,0,'2.png',99737,'2016-11-23 07:13:05',99737,'2016-11-23 07:13:05'),(7,0,'1.png',99737,'2016-11-23 07:14:15',99737,'2016-11-23 07:14:15'),(8,0,'2.png',99737,'2016-11-23 07:14:16',99737,'2016-11-23 07:14:16'),(9,0,'1.png',99737,'2016-11-23 07:14:59',99737,'2016-11-23 07:14:59'),(10,0,'2.png',99737,'2016-11-23 07:15:00',99737,'2016-11-23 07:15:00'),(11,38,'1.png',99737,'2016-11-23 07:16:32',99737,'2016-11-23 07:16:32'),(12,38,'2.png',99737,'2016-11-23 07:16:33',99737,'2016-11-23 07:16:33'),(13,45,'/photo/1.png',99737,'2016-11-23 07:22:32',99737,'2016-11-23 07:22:32'),(14,45,'/photo/2.png',99737,'2016-11-23 07:22:32',99737,'2016-11-23 07:22:32'),(15,46,'/photo/1.png',99737,'2016-11-23 07:22:54',99737,'2016-11-23 07:22:54'),(16,46,'/photo/2.png',99737,'2016-11-23 07:22:54',99737,'2016-11-23 07:22:54'),(17,47,'/photo/1.png',99737,'2016-11-23 07:22:55',99737,'2016-11-23 07:22:55'),(18,47,'/photo/2.png',99737,'2016-11-23 07:22:55',99737,'2016-11-23 07:22:55'),(19,48,'/photo/1.png',99737,'2016-11-23 07:23:21',99737,'2016-11-23 07:23:21'),(20,48,'/photo/2.png',99737,'2016-11-23 07:23:21',99737,'2016-11-23 07:23:21'),(21,49,'/photo/1.png',99737,'2016-11-23 07:24:54',99737,'2016-11-23 07:24:54'),(22,49,'/photo/2.png',99737,'2016-11-23 07:24:54',99737,'2016-11-23 07:24:54'),(23,50,'/photo/1.png',99737,'2016-11-23 07:25:03',99737,'2016-11-23 07:25:03'),(24,50,'/photo/2.png',99737,'2016-11-23 07:25:03',99737,'2016-11-23 07:25:03'),(25,51,'/photo/1.png',99737,'2016-11-23 07:25:20',99737,'2016-11-23 07:25:20'),(26,51,'/photo/2.png',99737,'2016-11-23 07:25:20',99737,'2016-11-23 07:25:20'),(27,52,'/photo/1.png',99737,'2016-11-23 07:25:30',99737,'2016-11-23 07:25:30'),(28,52,'/photo/2.png',99737,'2016-11-23 07:25:30',99737,'2016-11-23 07:25:30'),(29,53,'/photo/1.png',99737,'2016-11-23 07:25:39',99737,'2016-11-23 07:25:39'),(30,54,'/photo/1.png',99737,'2016-11-23 07:25:42',99737,'2016-11-23 07:25:42'),(31,55,'/photo/1.png',99737,'2016-11-23 07:25:48',99737,'2016-11-23 07:25:48'),(32,56,'/photo/1.png',99737,'2016-11-23 07:26:28',99737,'2016-11-23 07:26:28'),(33,57,'/photo/1.png',99737,'2016-11-23 07:26:28',99737,'2016-11-23 07:26:28'),(34,58,'/photo/1.png',99737,'2016-11-23 07:26:42',99737,'2016-11-23 07:26:42'),(35,59,'/photo/1.png',99737,'2016-11-23 07:27:19',99737,'2016-11-23 07:27:19'),(36,60,'/photo/1.png',99737,'2016-11-23 07:27:20',99737,'2016-11-23 07:27:20'),(37,74,'/photo/1.png',99737,'2016-11-23 07:27:23',99737,'2016-11-23 07:27:23'),(45,74,'/photo/2.png',99737,'2016-11-23 07:44:14',99737,'2016-11-23 07:44:14'),(46,76,'/photo/1.png',2232,'2016-12-01 05:35:59',2232,'2016-12-01 05:35:59'),(48,77,'http://tse4.mm.bing.net/th?id=OIP.M2ffd34d0edf5dcc7807107dd9e745d2bo0&w=143&h=143&c=7&rs=1&qlt=90&o=4&pid=1.1',2232,'2016-12-01 08:40:07',2232,'2016-12-01 08:40:07'),(49,77,'http://tse1.mm.bing.net/th?&id=OIP.M118eecc88a3239cbe63539d5ed22a7c8o0&w=300&h=300&c=0&pid=1.9&rs=0&p=0&r=0',2232,'2016-12-01 08:40:07',2232,'2016-12-01 08:40:07'),(50,78,'http://tse1.mm.bing.net/th?&id=OIP.M2ae37467f47a7838aea1ec77568de7bao0&w=299&h=236&c=0&pid=1.9&rs=0&p=0&r=0',2232,'2016-12-01 08:41:36',2232,'2016-12-01 08:41:36'),(51,78,'http://tse1.mm.bing.net/th?id=OIP.Mc15def61b5d3e209eab33b54ea425d01o0&w=154&h=153&c=7&rs=1&qlt=90&o=4&pid=1.1',2232,'2016-12-01 08:41:36',2232,'2016-12-01 08:41:36'),(52,78,'http://tse4.mm.bing.net/th?id=OIP.Mbbd5f8c42a183d08cac0ca389bce047bo0&w=151&h=142&c=7&rs=1&qlt=90&o=4&pid=1.1',2232,'2016-12-01 09:05:00',2232,'2016-12-01 09:05:07'),(53,74,'/photo/1.png',2232,'2016-12-01 09:15:04',2232,'2016-12-01 09:15:09'),(54,74,'/photo/2.png',2232,'2016-12-01 09:16:11',2232,'2016-12-01 09:16:17'),(55,74,'/photo/2.png',2232,'2016-12-01 09:16:32',2232,'2016-12-01 09:16:37'),(56,79,'/photo/1.png',2232,'2016-12-01 09:34:31',2232,'2016-12-01 09:34:31'),(57,79,'/photo/2.png',2232,'2016-12-01 09:34:31',2232,'2016-12-01 09:34:31'),(58,85,'./photo/1.png',2232,'2016-12-07 02:38:51',2232,'2016-12-06 18:38:51'),(59,85,'./photo/2.png',2232,'2016-12-07 02:38:51',2232,'2016-12-06 18:38:51'),(60,89,'./photo/1.png',2232,'2016-12-20 07:34:50',2232,'2016-12-19 23:34:50'),(61,89,'./photo/2.png',2232,'2016-12-20 07:34:50',2232,'2016-12-19 23:34:50');
/*!40000 ALTER TABLE `mlxx_dash_photo` ENABLE KEYS */;
UNLOCK TABLES;

--
-- Table structure for table `mlxx_dash_share`
--

DROP TABLE IF EXISTS `mlxx_dash_share`;
/*!40101 SET @saved_cs_client     = @@character_set_client */;
/*!40101 SET character_set_client = utf8 */;
CREATE TABLE `mlxx_dash_share` (
  `id` bigint(20) NOT NULL AUTO_INCREMENT,
  `dash_id` bigint(20) NOT NULL,
  `user_id` bigint(20) NOT NULL,
  `share_time` datetime NOT NULL DEFAULT CURRENT_TIMESTAMP,
  `share_to_code` int(11) NOT NULL,
  `create_user_id` bigint(20) NOT NULL,
  `create_datetime` timestamp NOT NULL DEFAULT CURRENT_TIMESTAMP,
  `modify_user_id` bigint(20) NOT NULL,
  `modify_datetime` timestamp NOT NULL DEFAULT CURRENT_TIMESTAMP,
  PRIMARY KEY (`id`)
) ENGINE=InnoDB AUTO_INCREMENT=5 DEFAULT CHARSET=utf8;
/*!40101 SET character_set_client = @saved_cs_client */;

--
-- Dumping data for table `mlxx_dash_share`
--

LOCK TABLES `mlxx_dash_share` WRITE;
/*!40000 ALTER TABLE `mlxx_dash_share` DISABLE KEYS */;
INSERT INTO `mlxx_dash_share` VALUES (4,18,1,'2016-11-13 12:00:02',34,798451702,'2016-11-22 08:16:22',798451702,'2016-11-22 08:16:22');
/*!40000 ALTER TABLE `mlxx_dash_share` ENABLE KEYS */;
UNLOCK TABLES;

--
-- Table structure for table `mlxx_dash_video`
--

DROP TABLE IF EXISTS `mlxx_dash_video`;
/*!40101 SET @saved_cs_client     = @@character_set_client */;
/*!40101 SET character_set_client = utf8 */;
CREATE TABLE `mlxx_dash_video` (
  `id` bigint(20) NOT NULL AUTO_INCREMENT,
  `dash_id` bigint(20) NOT NULL,
  `url` text CHARACTER SET utf8 NOT NULL,
  `create_user_id` bigint(20) NOT NULL,
  `create_datetime` timestamp NOT NULL DEFAULT CURRENT_TIMESTAMP,
  `modify_user_id` bigint(20) NOT NULL,
  `modify_datetime` timestamp NOT NULL DEFAULT CURRENT_TIMESTAMP,
  PRIMARY KEY (`id`)
) ENGINE=InnoDB AUTO_INCREMENT=8 DEFAULT CHARSET=latin1;
/*!40101 SET character_set_client = @saved_cs_client */;

--
-- Dumping data for table `mlxx_dash_video`
--

LOCK TABLES `mlxx_dash_video` WRITE;
/*!40000 ALTER TABLE `mlxx_dash_video` DISABLE KEYS */;
INSERT INTO `mlxx_dash_video` VALUES (3,78,'http://www.w3school.com.cn/i/movie.mp4',2232,'2016-12-01 08:41:36',2232,'2016-12-01 08:41:36'),(4,78,'http://www.w3school.com.cn/i/movie.mp4',2232,'2016-12-01 09:19:39',2232,'2016-12-01 09:19:43'),(5,79,'http://www.w3school.com.cn/i/movie.mp4',2232,'2016-12-01 09:34:31',2232,'2016-12-01 09:34:31'),(6,85,'http://www.w3school.com.cn/i/movie.mp4',2232,'2016-12-07 02:38:51',2232,'2016-12-06 18:38:51'),(7,89,'http://www.w3school.com.cn/i/movie.mp4',2232,'2016-12-20 07:34:50',2232,'2016-12-19 23:34:50');
/*!40000 ALTER TABLE `mlxx_dash_video` ENABLE KEYS */;
UNLOCK TABLES;

--
-- Table structure for table `mlxx_mst_motto`
--

DROP TABLE IF EXISTS `mlxx_mst_motto`;
/*!40101 SET @saved_cs_client     = @@character_set_client */;
/*!40101 SET character_set_client = utf8 */;
CREATE TABLE `mlxx_mst_motto` (
  `id` bigint(20) NOT NULL,
  `content` text NOT NULL,
  `create_user_id` bigint(20) NOT NULL,
  `create_datetime` timestamp NOT NULL DEFAULT CURRENT_TIMESTAMP,
  `modify_user_id` bigint(20) NOT NULL,
  `modify_datetime` timestamp NOT NULL DEFAULT CURRENT_TIMESTAMP
) ENGINE=InnoDB DEFAULT CHARSET=utf8;
/*!40101 SET character_set_client = @saved_cs_client */;

--
-- Dumping data for table `mlxx_mst_motto`
--

LOCK TABLES `mlxx_mst_motto` WRITE;
/*!40000 ALTER TABLE `mlxx_mst_motto` DISABLE KEYS */;
/*!40000 ALTER TABLE `mlxx_mst_motto` ENABLE KEYS */;
UNLOCK TABLES;

--
-- Table structure for table `mlxx_student`
--

DROP TABLE IF EXISTS `mlxx_student`;
/*!40101 SET @saved_cs_client     = @@character_set_client */;
/*!40101 SET character_set_client = utf8 */;
CREATE TABLE `mlxx_student` (
  `id` bigint(20) NOT NULL AUTO_INCREMENT,
  `name` varchar(20) NOT NULL COMMENT '姓名',
  `class_code` bigint(20) NOT NULL COMMENT '班级代码',
  `create_user_id` bigint(20) NOT NULL,
  `create_datetime` timestamp NOT NULL DEFAULT CURRENT_TIMESTAMP,
  `modify_user_id` bigint(20) NOT NULL,
  `modify_datetime` timestamp NOT NULL DEFAULT CURRENT_TIMESTAMP,
  `photo_url` text,
  PRIMARY KEY (`id`)
) ENGINE=InnoDB AUTO_INCREMENT=14 DEFAULT CHARSET=utf8mb4 COMMENT='学生信息';
/*!40101 SET character_set_client = @saved_cs_client */;

--
-- Dumping data for table `mlxx_student`
--

LOCK TABLES `mlxx_student` WRITE;
/*!40000 ALTER TABLE `mlxx_student` DISABLE KEYS */;
INSERT INTO `mlxx_student` VALUES (2,'学生姓名1',1,1,'2016-12-13 02:30:58',1,'2016-12-13 02:31:02','./photo/2.png'),(10,'学生姓名2',2,1,'2016-12-13 03:32:44',1,'2016-12-13 03:32:49','./img/max.png'),(11,'学生xxx',10,3,'2016-12-19 05:00:42',3,'2016-12-18 21:00:42','./photo/2.png'),(13,'学生xxx',10,3,'2016-12-19 05:01:59',3,'2016-12-18 21:01:59','./img/max.png');
/*!40000 ALTER TABLE `mlxx_student` ENABLE KEYS */;
UNLOCK TABLES;

--
-- Table structure for table `mlxx_student_evaluation`
--

DROP TABLE IF EXISTS `mlxx_student_evaluation`;
/*!40101 SET @saved_cs_client     = @@character_set_client */;
/*!40101 SET character_set_client = utf8 */;
CREATE TABLE `mlxx_student_evaluation` (
  `id` bigint(20) NOT NULL AUTO_INCREMENT,
  `student_id` bigint(20) NOT NULL,
  `user_id` bigint(20) NOT NULL,
  `evaluate_time` timestamp NOT NULL DEFAULT CURRENT_TIMESTAMP,
  `content` text NOT NULL,
  `create_user_id` bigint(20) NOT NULL,
  `create_datetime` timestamp NOT NULL DEFAULT CURRENT_TIMESTAMP,
  `modify_user_id` bigint(20) NOT NULL,
  `modify_datetime` timestamp NOT NULL,
  PRIMARY KEY (`id`)
) ENGINE=InnoDB AUTO_INCREMENT=7 DEFAULT CHARSET=utf8mb4;
/*!40101 SET character_set_client = @saved_cs_client */;

--
-- Dumping data for table `mlxx_student_evaluation`
--

LOCK TABLES `mlxx_student_evaluation` WRITE;
/*!40000 ALTER TABLE `mlxx_student_evaluation` DISABLE KEYS */;
INSERT INTO `mlxx_student_evaluation` VALUES (2,1,1,'2016-12-19 05:38:11','学生评价内容，好。',5,'2016-12-19 05:38:11',5,'2016-12-18 21:38:11'),(3,2,2,'2016-12-19 05:38:21','学生评价内容，好。1',5,'2016-12-19 05:38:21',5,'2016-12-18 21:38:21'),(4,2,3,'2016-12-19 05:38:23','学生评价内容，好。2',5,'2016-12-19 05:38:23',5,'2016-12-18 21:38:23'),(5,10,4,'2016-12-19 05:38:25','学生评价内容，好。3',5,'2016-12-19 05:38:25',5,'2016-12-18 21:38:25'),(6,13,5,'2016-12-19 05:38:28','学生评价内容，好。4',5,'2016-12-19 05:38:28',5,'2016-12-18 21:38:28');
/*!40000 ALTER TABLE `mlxx_student_evaluation` ENABLE KEYS */;
UNLOCK TABLES;

--
-- Table structure for table `mlxx_user`
--

DROP TABLE IF EXISTS `mlxx_user`;
/*!40101 SET @saved_cs_client     = @@character_set_client */;
/*!40101 SET character_set_client = utf8 */;
CREATE TABLE `mlxx_user` (
  `id` bigint(20) NOT NULL AUTO_INCREMENT,
  `name` text NOT NULL,
  `photo_url` text CHARACTER SET utf8,
  `push_flag` int(11) NOT NULL,
  `create_user_id` bigint(20) NOT NULL,
  `create_datetime` timestamp NOT NULL DEFAULT CURRENT_TIMESTAMP,
  `modify_user_id` bigint(20) NOT NULL,
  `modify_datetime` timestamp NOT NULL DEFAULT CURRENT_TIMESTAMP,
  `call` text,
  PRIMARY KEY (`id`)
) ENGINE=InnoDB AUTO_INCREMENT=6 DEFAULT CHARSET=utf8mb4;
/*!40101 SET character_set_client = @saved_cs_client */;

--
-- Dumping data for table `mlxx_user`
--

LOCK TABLES `mlxx_user` WRITE;
/*!40000 ALTER TABLE `mlxx_user` DISABLE KEYS */;
INSERT INTO `mlxx_user` VALUES (1,'我是客人','./photo/1.png',0,1,'2016-12-12 08:53:05',1,'2016-12-19 01:04:35','王宝宝爸爸'),(2,'我是学生','./photo/2.png',0,2,'2016-11-23 08:25:59',2,'2016-12-13 01:09:18','我是学生'),(3,'我是家长','./img/adam.jpg',0,1,'2016-12-05 02:51:36',1,'2016-12-05 02:51:42',NULL),(4,'我是老师','./img/max.png',0,1,'2016-12-05 02:51:57',1,'2016-12-05 02:52:01',NULL),(5,'admin','/upload/5_20161214080634_6465ea695aadd3ac158ba38572d02fcd.jpg',0,1,'2016-12-05 02:52:14',5,'2016-12-19 23:51:19',NULL);
/*!40000 ALTER TABLE `mlxx_user` ENABLE KEYS */;
UNLOCK TABLES;

--
-- Table structure for table `mlxx_user_student`
--

DROP TABLE IF EXISTS `mlxx_user_student`;
/*!40101 SET @saved_cs_client     = @@character_set_client */;
/*!40101 SET character_set_client = utf8 */;
CREATE TABLE `mlxx_user_student` (
  `id` bigint(20) NOT NULL AUTO_INCREMENT,
  `user_id` bigint(20) NOT NULL,
  `student_id` bigint(20) NOT NULL,
  `create_user_id` bigint(20) NOT NULL,
  `create_datetime` timestamp NOT NULL DEFAULT CURRENT_TIMESTAMP,
  `modify_user_id` bigint(20) NOT NULL,
  `modify_datetime` timestamp NOT NULL DEFAULT CURRENT_TIMESTAMP,
  PRIMARY KEY (`id`)
) ENGINE=InnoDB AUTO_INCREMENT=13 DEFAULT CHARSET=utf8mb4 COMMENT='用户学生对照表';
/*!40101 SET character_set_client = @saved_cs_client */;

--
-- Dumping data for table `mlxx_user_student`
--

LOCK TABLES `mlxx_user_student` WRITE;
/*!40000 ALTER TABLE `mlxx_user_student` DISABLE KEYS */;
INSERT INTO `mlxx_user_student` VALUES (1,1,2,1,'2016-12-13 03:32:14',1,'2016-12-13 03:32:18'),(2,2,10,1,'2016-12-13 02:28:02',1,'2016-12-13 02:28:06'),(11,2,13,3,'2016-12-19 05:01:59',3,'2016-12-18 21:01:59'),(12,3,13,3,'2016-12-19 05:01:59',3,'2016-12-18 21:01:59');
/*!40000 ALTER TABLE `mlxx_user_student` ENABLE KEYS */;
UNLOCK TABLES;

--
-- Table structure for table `sys_account`
--

DROP TABLE IF EXISTS `sys_account`;
/*!40101 SET @saved_cs_client     = @@character_set_client */;
/*!40101 SET character_set_client = utf8 */;
CREATE TABLE `sys_account` (
  `id` bigint(20) NOT NULL AUTO_INCREMENT,
  `user` varchar(32) NOT NULL,
  `pass` varchar(255) NOT NULL,
  `role` varchar(32) NOT NULL,
  PRIMARY KEY (`id`)
) ENGINE=InnoDB AUTO_INCREMENT=6 DEFAULT CHARSET=utf8;
/*!40101 SET character_set_client = @saved_cs_client */;

--
-- Dumping data for table `sys_account`
--

LOCK TABLES `sys_account` WRITE;
/*!40000 ALTER TABLE `sys_account` DISABLE KEYS */;
INSERT INTO `sys_account` VALUES (1,'guest','c42d47602bc29f89644841702ca0ebf6','guest'),(2,'student','abd842186026b1110b67d3e39a96e809','student'),(3,'parent','6a9c1fe29bf946ba5b17bc3d6fd9e860','parent'),(4,'teacher','26eb7676b573e469393cc1595ef9ba03','teacher'),(5,'admin','c3284d0f94606de1fd2af172aba15bf3','admin');
/*!40000 ALTER TABLE `sys_account` ENABLE KEYS */;
UNLOCK TABLES;

--
-- Table structure for table `sys_code`
--

DROP TABLE IF EXISTS `sys_code`;
/*!40101 SET @saved_cs_client     = @@character_set_client */;
/*!40101 SET character_set_client = utf8 */;
CREATE TABLE `sys_code` (
  `id` bigint(20) NOT NULL AUTO_INCREMENT,
  `code` text NOT NULL,
  `name` text NOT NULL,
  `create_user` bigint(20) NOT NULL,
  `create_time` timestamp NOT NULL DEFAULT CURRENT_TIMESTAMP,
  `modify_user` bigint(20) NOT NULL,
  `modify_time` timestamp NOT NULL DEFAULT CURRENT_TIMESTAMP,
  PRIMARY KEY (`id`)
) ENGINE=InnoDB DEFAULT CHARSET=utf8;
/*!40101 SET character_set_client = @saved_cs_client */;

--
-- Dumping data for table `sys_code`
--

LOCK TABLES `sys_code` WRITE;
/*!40000 ALTER TABLE `sys_code` DISABLE KEYS */;
/*!40000 ALTER TABLE `sys_code` ENABLE KEYS */;
UNLOCK TABLES;

--
-- Table structure for table `sys_codevalue`
--

DROP TABLE IF EXISTS `sys_codevalue`;
/*!40101 SET @saved_cs_client     = @@character_set_client */;
/*!40101 SET character_set_client = utf8 */;
CREATE TABLE `sys_codevalue` (
  `id` bigint(20) NOT NULL AUTO_INCREMENT,
  `code_id` bigint(20) NOT NULL,
  `value` text NOT NULL,
  `name` text NOT NULL,
  `create_user` bigint(20) NOT NULL,
  `create_time` timestamp NOT NULL DEFAULT CURRENT_TIMESTAMP,
  `modify_user` bigint(20) NOT NULL,
  `modify_time` timestamp NOT NULL DEFAULT CURRENT_TIMESTAMP,
  PRIMARY KEY (`id`)
) ENGINE=InnoDB DEFAULT CHARSET=utf8;
/*!40101 SET character_set_client = @saved_cs_client */;

--
-- Dumping data for table `sys_codevalue`
--

LOCK TABLES `sys_codevalue` WRITE;
/*!40000 ALTER TABLE `sys_codevalue` DISABLE KEYS */;
/*!40000 ALTER TABLE `sys_codevalue` ENABLE KEYS */;
UNLOCK TABLES;

--
-- Table structure for table `sys_friend`
--

DROP TABLE IF EXISTS `sys_friend`;
/*!40101 SET @saved_cs_client     = @@character_set_client */;
/*!40101 SET character_set_client = utf8 */;
CREATE TABLE `sys_friend` (
  `id` bigint(20) NOT NULL AUTO_INCREMENT,
  `user_id` bigint(20) NOT NULL,
  `create_user_id` bigint(20) NOT NULL,
  `create_datetime` timestamp NOT NULL DEFAULT CURRENT_TIMESTAMP,
  `modify_user_id` bigint(20) NOT NULL,
  `modify_datetime` timestamp NOT NULL DEFAULT CURRENT_TIMESTAMP,
  `friend_user_id` bigint(20) NOT NULL,
  PRIMARY KEY (`id`)
) ENGINE=InnoDB AUTO_INCREMENT=70 DEFAULT CHARSET=utf8mb4;
/*!40101 SET character_set_client = @saved_cs_client */;

--
-- Dumping data for table `sys_friend`
--

LOCK TABLES `sys_friend` WRITE;
/*!40000 ALTER TABLE `sys_friend` DISABLE KEYS */;
INSERT INTO `sys_friend` VALUES (8,22,1,'2016-12-13 08:27:06',2232,'2016-12-13 18:09:17',1),(42,1,1,'2016-12-14 09:30:38',1,'2016-12-14 01:30:38',5),(43,1,1,'2016-12-14 09:30:40',1,'2016-12-14 01:30:40',3),(66,1,1,'2016-12-19 08:51:40',1,'2016-12-19 00:51:40',2),(67,5,5,'2016-12-20 07:51:26',5,'2016-12-19 23:51:26',1),(68,5,5,'2016-12-20 07:52:54',5,'2016-12-19 23:52:54',3),(69,5,5,'2016-12-20 07:52:58',5,'2016-12-19 23:52:58',4);
/*!40000 ALTER TABLE `sys_friend` ENABLE KEYS */;
UNLOCK TABLES;

--
-- Table structure for table `sys_login`
--

DROP TABLE IF EXISTS `sys_login`;
/*!40101 SET @saved_cs_client     = @@character_set_client */;
/*!40101 SET character_set_client = utf8 */;
CREATE TABLE `sys_login` (
  `id` bigint(20) NOT NULL AUTO_INCREMENT,
  `user_id` bigint(20) NOT NULL,
  `token` varchar(32) NOT NULL,
  `login_time` datetime NOT NULL,
  `create_user_id` bigint(20) NOT NULL,
  `create_datetime` timestamp NOT NULL DEFAULT CURRENT_TIMESTAMP,
  `modify_user_id` bigint(20) NOT NULL,
  `modify_datetime` timestamp NOT NULL DEFAULT CURRENT_TIMESTAMP,
  PRIMARY KEY (`id`)
) ENGINE=InnoDB DEFAULT CHARSET=utf8;
/*!40101 SET character_set_client = @saved_cs_client */;

--
-- Dumping data for table `sys_login`
--

LOCK TABLES `sys_login` WRITE;
/*!40000 ALTER TABLE `sys_login` DISABLE KEYS */;
/*!40000 ALTER TABLE `sys_login` ENABLE KEYS */;
UNLOCK TABLES;

--
-- Table structure for table `sys_message`
--

DROP TABLE IF EXISTS `sys_message`;
/*!40101 SET @saved_cs_client     = @@character_set_client */;
/*!40101 SET character_set_client = utf8 */;
CREATE TABLE `sys_message` (
  `id` bigint(20) NOT NULL AUTO_INCREMENT,
  `from_user_id` bigint(20) NOT NULL,
  `create_user_id` bigint(20) NOT NULL,
  `create_datetime` timestamp NOT NULL DEFAULT CURRENT_TIMESTAMP,
  `modify_user_id` bigint(20) NOT NULL,
  `modify_datetime` timestamp NOT NULL DEFAULT CURRENT_TIMESTAMP,
  `to_user_id` bigint(20) NOT NULL,
  `message` text NOT NULL,
  `send_time` datetime NOT NULL,
  `read_time` datetime DEFAULT NULL,
  `user_id` bigint(20) NOT NULL,
  PRIMARY KEY (`id`)
) ENGINE=InnoDB AUTO_INCREMENT=217 DEFAULT CHARSET=utf8mb4;
/*!40101 SET character_set_client = @saved_cs_client */;

--
-- Dumping data for table `sys_message`
--

LOCK TABLES `sys_message` WRITE;
/*!40000 ALTER TABLE `sys_message` DISABLE KEYS */;
INSERT INTO `sys_message` VALUES (203,1,1,'2016-12-20 09:28:30',1,'2016-12-20 01:28:30',3,'1','2016-12-20 09:28:30',NULL,3),(204,1,1,'2016-12-20 09:28:30',1,'2016-12-20 01:28:30',2,'1','2016-12-20 09:28:30',NULL,2),(209,1,1,'2016-12-20 09:28:35',1,'2016-12-20 01:28:35',3,'2','2016-12-20 09:28:35',NULL,3),(210,1,1,'2016-12-20 09:28:35',1,'2016-12-20 01:28:35',2,'2','2016-12-20 09:28:35',NULL,2),(214,1,1,'2016-12-20 09:28:40',1,'2016-12-20 01:28:40',3,'3','2016-12-20 09:28:40',NULL,3),(216,1,1,'2016-12-20 09:28:40',1,'2016-12-20 01:28:40',2,'3','2016-12-20 09:28:40',NULL,2);
/*!40000 ALTER TABLE `sys_message` ENABLE KEYS */;
UNLOCK TABLES;

--
-- Table structure for table `sys_message_user`
--

DROP TABLE IF EXISTS `sys_message_user`;
/*!40101 SET @saved_cs_client     = @@character_set_client */;
/*!40101 SET character_set_client = utf8 */;
CREATE TABLE `sys_message_user` (
  `id` bigint(20) NOT NULL AUTO_INCREMENT,
  `user_id` bigint(20) NOT NULL,
  `create_user_id` bigint(20) NOT NULL,
  `create_datetime` timestamp NOT NULL DEFAULT CURRENT_TIMESTAMP,
  `modify_user_id` bigint(20) NOT NULL,
  `modify_datetime` timestamp NOT NULL DEFAULT CURRENT_TIMESTAMP,
  `friend_user_id` bigint(20) NOT NULL,
  `message_count` bigint(20) NOT NULL DEFAULT '0',
  `new_count` bigint(20) NOT NULL DEFAULT '0',
  PRIMARY KEY (`id`)
) ENGINE=InnoDB AUTO_INCREMENT=59 DEFAULT CHARSET=utf8mb4;
/*!40101 SET character_set_client = @saved_cs_client */;

--
-- Dumping data for table `sys_message_user`
--

LOCK TABLES `sys_message_user` WRITE;
/*!40000 ALTER TABLE `sys_message_user` DISABLE KEYS */;
INSERT INTO `sys_message_user` VALUES (57,3,1,'2016-12-20 09:28:30',1,'2016-12-20 01:28:40',1,3,3),(58,2,1,'2016-12-20 09:28:30',1,'2016-12-20 01:28:40',1,3,3);
/*!40000 ALTER TABLE `sys_message_user` ENABLE KEYS */;
UNLOCK TABLES;

--
-- Table structure for table `sys_upload_file`
--

DROP TABLE IF EXISTS `sys_upload_file`;
/*!40101 SET @saved_cs_client     = @@character_set_client */;
/*!40101 SET character_set_client = utf8 */;
CREATE TABLE `sys_upload_file` (
  `id` bigint(20) NOT NULL AUTO_INCREMENT,
  `user_id` int(20) NOT NULL,
  `upload_datetime` datetime NOT NULL,
  `size` int(11) NOT NULL,
  `client_filename` text NOT NULL,
  `client_mediatype` text NOT NULL,
  `path` text NOT NULL,
  `url` text NOT NULL,
  PRIMARY KEY (`id`)
) ENGINE=InnoDB AUTO_INCREMENT=3 DEFAULT CHARSET=utf8mb4;
/*!40101 SET character_set_client = @saved_cs_client */;

--
-- Dumping data for table `sys_upload_file`
--

LOCK TABLES `sys_upload_file` WRITE;
/*!40000 ALTER TABLE `sys_upload_file` DISABLE KEYS */;
INSERT INTO `sys_upload_file` VALUES (1,5,'2016-12-13 06:31:29',4752033,'image.jpg','image/jpeg','/Library/WebServer/Documents/dev/upload/5_20161213063129_68378f8ff7dc1659725f84e5545caa6f.jpg','http://192.168.66.29/dev/upload/5_20161213063129_68378f8ff7dc1659725f84e5545caa6f.jpg'),(2,5,'2016-12-14 08:06:34',3253337,'image.jpg','image/jpeg','/Library/WebServer/Documents/dev/upload/5_20161214080634_6465ea695aadd3ac158ba38572d02fcd.jpg','http://192.168.66.29/dev/upload/5_20161214080634_6465ea695aadd3ac158ba38572d02fcd.jpg');
/*!40000 ALTER TABLE `sys_upload_file` ENABLE KEYS */;
UNLOCK TABLES;
/*!40103 SET TIME_ZONE=@OLD_TIME_ZONE */;

/*!40101 SET SQL_MODE=@OLD_SQL_MODE */;
/*!40014 SET FOREIGN_KEY_CHECKS=@OLD_FOREIGN_KEY_CHECKS */;
/*!40014 SET UNIQUE_CHECKS=@OLD_UNIQUE_CHECKS */;
/*!40101 SET CHARACTER_SET_CLIENT=@OLD_CHARACTER_SET_CLIENT */;
/*!40101 SET CHARACTER_SET_RESULTS=@OLD_CHARACTER_SET_RESULTS */;
/*!40101 SET COLLATION_CONNECTION=@OLD_COLLATION_CONNECTION */;
/*!40111 SET SQL_NOTES=@OLD_SQL_NOTES */;

-- Dump completed on 2016-12-29 14:10:18
